,TF,target,value
15,C1QB,LBP,4.904368507628895
15,F2RL1,C1QB,4.626619616468341
26,MARCO,FCER1A,3.916980305068939
4,IL8,HLA-DQB1,3.9039972601972783
3,IL1R2,FN1,3.829803876809483
20,IDO1,FN1,3.809952984636629
27,MSR1,LBP,3.7999247765981385
2,HLA-DQB1,SLC11A1,3.762900312001437
8,EGR1,MARCO,3.6583603539135456
7,IL3RA,LBP,3.6325292387832127
3,IL1R2,CREB5,3.5226288211202865
17,SLC11A1,LTF,3.4296690949996504
29,CEACAM8,FLT3,3.378035920336138
6,IL3RA,IL8,3.350668871610693
11,ARG1,IDO1,3.29775552584771
31,TREM1,CCL2,3.134281529694136
1,HLA-DQA1,HLA-DQB1,3.073727314100978
12,C3AR1,HLA-DRB4,2.9994909708481714
13,PTGDR2,IL8,2.9988753661660548
13,C3AR1,CCL2,2.9937057310435344
11,ARG1,LBP,2.989640253358851
0,HLA-DRB4,LILRA4,2.9595359183714294
34,CTSG,FCER1A,2.9591333994029707
29,CEACAM8,IFI27,2.9442658304378426
3,IL1R2,LBP,2.933840966317833
9,FOS,F2RL1,2.929758324756834
18,FLT3,IL3RA,2.925034872470154
25,IFI27,IL3RA,2.920448762571333
13,PTGDR2,HLA-DQB1,2.9200413171500434
22,IL1RAP,CTSG,2.9177093099849083
10,EGR2,SLC11A1,2.9120422918786115
8,EGR1,IL32,2.8903047298369002
13,C3AR1,LTF,2.875278853381388
25,IFI27,FOS,2.8542491739319655
2,HLA-DQB1,PTGS2,2.8520994877297454
8,EGR1,SLC11A1,2.841636067703588
16,SLC11A1,IL1R2,2.8338820436353127
7,IL3RA,CEACAM6,2.7995812730110297
16,F2RL1,MARCO,2.7965181112336976
32,LCN2,IFI27,2.783398198613132
26,IFI27,TREM1,2.780095093427276
22,LBP,CXCL1,2.779226505685975
21,IDO1,CREB5,2.7338589199397747
25,CCL2,CEACAM6,2.7335267764756623
17,SLC11A1,LILRA4,2.7282292997555695
14,C1QB,IL1R2,2.718615912771783
5,IL8,EGR2,2.6982123701711465
3,PTGS2,HLA-DQB1,2.6977125757485045
32,LCN2,CCL2,2.6824276605472286
13,C3AR1,CREB5,2.663981491975269
27,MSR1,EGR2,2.645752816675639
7,IL3RA,PTGDR2,2.636588254964797
1,HLA-DQA1,CEACAM8,2.6213027591867406
18,FLT3,IL8,2.5884076063029395
4,PTGS2,LCN2,2.587760047498505
11,CXCL1,HLA-DQA1,2.560521646379147
3,IL1R2,IL1RAP,2.540791617955723
10,EGR2,TREM1,2.534901830158896
19,LTF,PTGS2,2.5248344928070825
23,LBP,MSR1,2.499055269153856
0,HLA-DRB4,PTGS2,2.4751109083951475
12,C3AR1,HLA-DQA1,2.284288463678188
23,LILRA4,LTF,2.2364820936251917
18,FLT3,C3AR1,2.202333405628956
34,CTSG,LBP,2.1946665288342797
4,PTGS2,C3AR1,2.172618131287512
12,CXCL1,C1QB,2.131711459768897
31,TREM1,MARCO,2.1267136930158634
1,HLA-DQA1,MSR1,2.0996606718500233
21,IL1RAP,IL3RA,2.0802859420006774
6,FN1,IL1RAP,2.0780947441497934
13,PTGDR2,IL1R2,2.060637126761215
26,MARCO,EGR1,2.060016685478459
5,IL8,F2RL1,2.0599799076731022
29,CEACAM6,IL32,2.055948741327346
17,FCER1A,C3AR1,2.044006468173989
32,LCN2,LBP,2.023000028228417
23,LILRA4,ARG1,2.0221113594190605
14,C1QB,CXCL1,2.020262660726716
18,FLT3,PTGDR2,2.019799971131304
31,TREM1,IL8,2.009833417701281
3,IL1R2,F2RL1,2.006112975674514
23,LILRA4,FCER1A,2.0040221248807657
25,IFI27,PTGS2,2.002291005007411
8,FOS,HLA-DRB4,1.9999052004869151
7,EGR1,HLA-DRB4,1.9997940756995232
18,FLT3,HLA-DRB4,1.9997668478037276
33,CREB5,IL32,1.9997498050802567
34,CTSG,IL32,1.9996047121467821
11,CXCL1,HLA-DRB4,1.999596001861131
30,IL32,ARG1,1.9993736335110974
31,TREM1,PTGS2,1.9985984700705086
20,IDO1,IL3RA,1.9985266976832667
24,CCL2,ARG1,1.9949846692323838
19,LTF,HLA-DQA1,1.9947572484899363
8,EGR1,CTSG,1.9939511137925279
0,HLA-DRB4,FLT3,1.991510399676595
0,HLA-DRB4,ARG1,1.9884939992153492
20,LTF,CTSG,1.983376376129144
8,EGR1,IFI27,1.9798417142880755
31,TREM1,IDO1,1.9791049665932263
10,ARG1,FOS,1.9788788208689831
33,CREB5,IFI27,1.978145733494313
1,HLA-DQA1,ARG1,1.9769783704802182
15,F2RL1,ARG1,1.9752196354286462
28,CEACAM6,FOS,1.9747229549609266
29,CEACAM8,FCER1A,1.974533423177164
21,IDO1,CEACAM6,1.9737550293220711
11,ARG1,FLT3,1.9730186792552922
8,EGR1,PTGDR2,1.9715534634319316
10,ARG1,IL1R2,1.9710908560091562
8,EGR1,FLT3,1.969404965731952
4,PTGS2,IL3RA,1.9691891090993385
26,MARCO,LBP,1.961687511320451
1,HLA-DQA1,TREM1,1.9597226145395183
33,CREB5,EGR1,1.9575635957241913
27,MSR1,IL3RA,1.9567493217131564
23,LILRA4,C1QB,1.9490107779707813
3,IL1R2,FLT3,1.9453012176399034
2,HLA-DQB1,ARG1,1.9445234543528807
17,FCER1A,IL1R2,1.9444810006428366
25,IFI27,LBP,1.9417035030656042
9,FOS,IL32,1.9413105906258359
25,IFI27,IL1RAP,1.9364437030298092
0,HLA-DRB4,IL32,1.9351351137893595
13,C3AR1,IL32,1.9333823305069184
9,FOS,CEACAM8,1.9321731134822735
12,C3AR1,CXCL1,1.9290725252320193
29,CEACAM6,CEACAM8,1.928108295561286
1,HLA-DQA1,PTGS2,1.9278912042239589
4,PTGS2,LBP,1.9274955942041476
27,MSR1,SLC11A1,1.927092367353716
14,PTGDR2,FLT3,1.9248544538597048
24,CCL2,IL3RA,1.9182572244489844
13,C3AR1,LCN2,1.9151764748711915
30,IL32,CEACAM8,1.9148678225759097
21,IL1RAP,EGR1,1.9125102996253875
3,IL1R2,CTSG,1.9104969093956325
34,CREB5,CTSG,1.9057141914397784
23,LILRA4,C3AR1,1.9038657339034493
15,C1QB,TREM1,1.9014034855853907
29,CEACAM8,MSR1,1.897039663422975
7,IL3RA,C3AR1,1.89663850571387
32,LCN2,EGR1,1.8965437556992568
12,CXCL1,CREB5,1.8954991292574286
29,CEACAM8,HLA-DQA1,1.8949429897354357
16,SLC11A1,F2RL1,1.8932866043789316
32,LCN2,LILRA4,1.8861542873473
7,IL3RA,SLC11A1,1.8855051300296208
2,IL1R2,HLA-DQA1,1.884490073134911
32,TREM1,CTSG,1.8839247096528455
25,IFI27,HLA-DQA1,1.8792241865302988
31,IL32,TREM1,1.8782935487757815
18,FCER1A,MARCO,1.8735847963407901
20,LTF,LILRA4,1.869744632043729
4,PTGS2,CEACAM8,1.8676092232050339
11,ARG1,C1QB,1.8670861958406706
5,IL8,CXCL1,1.8617036106155636
12,CXCL1,MARCO,1.860112811256319
32,LCN2,HLA-DQA1,1.8551794602083054
19,LTF,C1QB,1.8549551041656707
5,IL8,SLC11A1,1.8539729945148777
28,CEACAM6,CCL2,1.8537132317971015
16,F2RL1,LBP,1.851737572822691
10,ARG1,EGR1,1.8501393742079308
5,FN1,IL1R2,1.8451725684850127
8,EGR1,FOS,1.8403956058356
19,FLT3,CEACAM8,1.834006294541777
25,IFI27,EGR2,1.8252627319699095
16,SLC11A1,C1QB,1.8206387404574416
14,PTGDR2,LILRA4,1.8178461165454882
15,C1QB,MSR1,1.8058756340887427
19,FLT3,CTSG,1.805750345560395
21,IL1RAP,FN1,1.7998906799121763
18,FCER1A,FLT3,1.7968533942524103
1,HLA-DQA1,FN1,1.791604312154783
19,LTF,HLA-DRB4,1.7905824152098646
0,HLA-DRB4,CEACAM6,1.7879422821429747
8,EGR1,F2RL1,1.7833566001101853
28,CEACAM6,IL1RAP,1.7826396209709487
13,C3AR1,PTGDR2,1.7720029282014902
34,CTSG,IL1RAP,1.7715786662278556
20,LTF,IL1RAP,1.7661386208999141
9,FOS,IFI27,1.7599129650080898
15,C1QB,CREB5,1.7547501963330352
13,C3AR1,LBP,1.7521102154463306
12,CXCL1,IDO1,1.7483196559475924
33,CREB5,C1QB,1.7475580440741336
21,IDO1,MSR1,1.7353005879480756
21,IL1RAP,LTF,1.7268374793623242
6,FN1,LCN2,1.7266037807037349
7,IL3RA,FCER1A,1.7234447126914232
15,F2RL1,C3AR1,1.7212679819972547
28,MSR1,CREB5,1.715647015701294
7,IL3RA,LCN2,1.7135642714497925
6,FN1,FOS,1.7039306141761046
5,IL8,FOS,1.6909544277280075
18,FCER1A,LILRA4,1.680759185943338
17,SLC11A1,CEACAM6,1.6715704049369142
7,EGR1,HLA-DQA1,1.6654098347357247
8,EGR1,CREB5,1.6451880342107583
3,IL1R2,C3AR1,1.6442005925579533
1,HLA-DQA1,MARCO,1.6407129194805803
17,SLC11A1,IDO1,1.6402074341533872
30,IL32,IL8,1.6169033709048344
32,LCN2,EGR2,1.5327502603586063
31,TREM1,HLA-DQB1,1.5121008457969562
20,IDO1,C3AR1,1.444764897498154
26,MARCO,LTF,1.4422255886358153
19,FLT3,IFI27,1.4329795301050725
24,CCL2,IDO1,1.4031730101656334
14,C1QB,EGR2,1.3953069962806992
8,EGR1,CXCL1,1.3948498008947294
24,CCL2,HLA-DQA1,1.393389319253296
3,IL1R2,LCN2,1.3845075667336904
18,FCER1A,CEACAM6,1.34601411360196
20,LTF,TREM1,1.3014516663527487
14,C1QB,C3AR1,1.282373101176352
25,CCL2,MARCO,1.2780633502407612
12,CXCL1,IL1RAP,1.2731742094585585
34,CTSG,SLC11A1,1.2437552041677593
26,IFI27,CREB5,1.2411567008790072
2,HLA-DQB1,CEACAM6,1.2349066590395104
12,CXCL1,LTF,1.2196796457443373
33,CREB5,HLA-DRB4,1.2093969738748602
31,TREM1,EGR1,1.205691980404135
17,SLC11A1,IFI27,1.2037667523983835
18,FCER1A,MSR1,1.202929282855977
4,PTGS2,EGR2,1.2026393403920563
3,IL1R2,PTGDR2,1.199500117095536
7,IL3RA,LILRA4,1.1936758055938665
17,FCER1A,FN1,1.1873841471850495
18,FLT3,F2RL1,1.185118621488268
5,IL8,MSR1,1.1831337961375161
32,LCN2,FOS,1.1720606686344661
33,LCN2,CTSG,1.1674871668137892
33,CREB5,CEACAM6,1.1650693585454819
7,IL3RA,FOS,1.160493811279006
2,HLA-DQB1,EGR2,1.1492839788071894
28,CEACAM6,IDO1,1.1438896714483384
20,LTF,LBP,1.1426362636980707
21,IL1RAP,FCER1A,1.1391526158196699
0,HLA-DRB4,C1QB,1.1377915145653983
25,CCL2,LCN2,1.1376116707841601
1,HLA-DQA1,LCN2,1.1357845485121052
7,IL3RA,EGR2,1.1318646763800742
27,MARCO,TREM1,1.1265446669832182
6,FN1,EGR2,1.1175690593383145
10,EGR2,CREB5,1.1129029825829666
1,HLA-DQA1,CXCL1,1.1125821023072735
27,MSR1,CXCL1,1.1094700032181004
4,PTGS2,CCL2,1.10518719991415
5,IL8,MARCO,1.1035853249905065
33,CREB5,EGR2,1.0971675100850193
18,FCER1A,CCL2,1.090684529266933
12,CXCL1,LILRA4,1.086131111259791
14,PTGDR2,CEACAM8,1.07587407430456
28,CEACAM6,LILRA4,1.0745475331380616
30,IL32,PTGS2,1.073132453060135
22,LBP,IDO1,1.0724636731292403
7,EGR1,IL1R2,1.0717590981422052
28,CEACAM6,PTGS2,1.0693548224409692
4,PTGS2,CXCL1,1.0690705459105274
27,MSR1,LILRA4,1.0672042944242355
19,LTF,EGR1,1.066421093828986
21,IL1RAP,FLT3,1.0651244347642472
3,IL1R2,MARCO,1.0646743539154444
6,FN1,IL32,1.0644110610908672
4,PTGS2,IL32,1.0613313985557429
5,IL8,LILRA4,1.0595760167327857
15,F2RL1,CXCL1,1.05792555250794
31,TREM1,FN1,1.0501937004254462
21,IDO1,LBP,1.0494965762573913
5,IL8,LTF,1.0492647722038597
24,LILRA4,CREB5,1.0441869250261318
31,TREM1,IL3RA,1.0427089989588163
21,IL1RAP,C1QB,1.042689500018649
12,C3AR1,IL3RA,1.036472819092103
3,IL1R2,CEACAM8,1.0317223233687975
27,MSR1,CCL2,1.0313306718273079
1,HLA-DQA1,EGR2,1.030521303886268
19,LTF,SLC11A1,1.0295081864910065
5,IL8,LBP,1.0292845429743653
6,FN1,CEACAM8,1.0290132681059416
30,CEACAM8,TREM1,1.028867311007487
30,IL32,IL1R2,1.0285135342795568
18,FLT3,SLC11A1,1.0280546677918634
26,MARCO,F2RL1,1.0278122268092598
3,IL1R2,IL3RA,1.0277668640948832
1,HLA-DQA1,FLT3,1.0268666668251842
16,F2RL1,FLT3,1.0266681623255605
11,CXCL1,ARG1,1.024021571703222
3,IL1R2,FOS,1.0218034680310752
23,LILRA4,EGR1,1.0211058184448483
13,C3AR1,CTSG,1.0169742971594697
31,TREM1,LILRA4,1.0162379113867155
22,IL1RAP,LBP,1.014157661619184
25,CCL2,IFI27,1.0141064322347477
28,CEACAM6,HLA-DQA1,1.0139775759937968
33,CREB5,FN1,1.0133567644189019
0,HLA-DRB4,F2RL1,1.0126853435644187
6,FN1,PTGDR2,1.0124564548631942
3,IL1R2,CCL2,1.0108467556078164
20,LTF,MSR1,1.0100509201937633
32,LCN2,LTF,1.0095301862124837
4,PTGS2,MSR1,1.0086824647157537
33,LCN2,CREB5,1.0076241614420525
26,IFI27,CEACAM8,1.0058197931546473
28,MSR1,LCN2,1.0048699529909306
33,CREB5,LBP,1.0046565399435903
2,HLA-DQB1,IL8,1.004039482869116
33,CREB5,CEACAM8,1.0033349944502348
26,IFI27,LCN2,1.0030428307188743
4,PTGS2,ARG1,1.0026441981141565
2,HLA-DQB1,LCN2,1.0018271222720565
21,IL1RAP,ARG1,1.0014840458496361
22,LBP,C1QB,1.0013937782234625
28,CEACAM6,LTF,1.0012171939216918
12,C3AR1,IL8,1.0005489005745944
5,FN1,HLA-DRB4,1.000470463303734
13,C3AR1,IL1RAP,1.0001424830843704
29,CEACAM8,HLA-DRB4,1.0001109193200024
9,FOS,CTSG,1.0001050300082839
17,FCER1A,HLA-DRB4,1.000087926193525
29,CEACAM8,HLA-DQB1,1.0000683933973178
10,EGR2,PTGDR2,1.0
6,IL3RA,HLA-DRB4,1.0
2,HLA-DQB1,IL1RAP,1.0
17,FCER1A,IL3RA,1.0
27,MSR1,HLA-DRB4,1.0
20,IDO1,PTGS2,1.0
30,IL32,MARCO,0.9999999999999997
16,F2RL1,LTF,0.999999999999996
1,HLA-DQA1,IL32,0.9999998371146803
30,IL32,HLA-DRB4,0.9999978407049032
20,LTF,IL32,0.9999965446732751
1,HLA-DQB1,HLA-DRB4,0.9999873310586688
17,FCER1A,PTGS2,0.999961819697719
27,MSR1,HLA-DQB1,0.9999586529402092
14,C1QB,HLA-DQB1,0.9999443628902434
18,FLT3,HLA-DQB1,0.9999316066026821
0,HLA-DQA1,HLA-DRB4,0.9999231818953532
9,EGR2,HLA-DRB4,0.9998929521302842
3,PTGS2,HLA-DRB4,0.999892952130284
6,FN1,MSR1,0.9998534412647929
29,CEACAM8,IL8,0.999819471455176
24,CCL2,PTGS2,0.9997912157281512
8,FOS,PTGS2,0.9997821365081514
12,CXCL1,IL32,0.9997356109075204
25,IFI27,ARG1,0.9997324473486083
32,LCN2,HLA-DRB4,0.999638953499179
24,CCL2,PTGDR2,0.9995852246124273
25,IFI27,IL8,0.9993835122280468
8,EGR1,IL1RAP,0.9991999689566161
5,IL8,PTGDR2,0.9991566144361524
26,MARCO,PTGDR2,0.9990898381416303
34,CTSG,EGR2,0.9989821558518526
17,FCER1A,ARG1,0.9988853084056529
0,HLA-DRB4,PTGDR2,0.9988783272367152
19,LTF,ARG1,0.9988059228862269
32,LCN2,ARG1,0.9987049966468116
20,IDO1,IL1R2,0.9986281513646106
7,IL3RA,CEACAM8,0.9985346820609808
1,HLA-DQA1,IL8,0.998444826031007
5,FN1,HLA-DQB1,0.9980374047476738
9,FOS,PTGDR2,0.99800887928753
11,CXCL1,EGR1,0.9976328195885935
15,F2RL1,IL3RA,0.9975480903746445
11,CXCL1,HLA-DQB1,0.9974709085979803
19,FLT3,MSR1,0.9974198489034681
22,LBP,IL1R2,0.9969284304284904
20,LTF,CEACAM8,0.9969068539967211
12,C3AR1,FOS,0.9966771671639485
11,CXCL1,FOS,0.9966771671639483
34,CTSG,PTGDR2,0.9966651572372637
6,FN1,IFI27,0.9966612746053073
28,CEACAM6,HLA-DQB1,0.9966172502603214
23,LBP,CREB5,0.9964670752736755
3,IL1R2,LTF,0.9963759802968793
0,HLA-DRB4,LTF,0.9963759802968791
2,IL1R2,HLA-DQB1,0.9962959077200396
14,C1QB,PTGDR2,0.9960153754507256
20,LTF,IFI27,0.99596515442706
11,ARG1,FCER1A,0.9957657016594359
22,LBP,EGR2,0.9954153915301295
0,HLA-DRB4,CXCL1,0.9951953442171676
30,IL32,SLC11A1,0.9950866600959208
23,LBP,IFI27,0.9947942548962665
4,PTGS2,IFI27,0.9947942548962663
16,SLC11A1,PTGDR2,0.9947384034575467
28,CEACAM6,IL1R2,0.9944809597931352
25,IFI27,CXCL1,0.9943814807988757
23,LILRA4,SLC11A1,0.9940830153549909
18,FCER1A,CTSG,0.9940127988921333
15,C1QB,CTSG,0.9939643191402142
0,HLA-DRB4,IL3RA,0.9939290642212156
21,IDO1,CTSG,0.9938592891319302
6,IL3RA,FN1,0.9936579088908444
31,TREM1,CXCL1,0.9934990388699797
23,LILRA4,IL1R2,0.9934662013133606
25,IFI27,HLA-DQB1,0.9933491849447286
2,HLA-DQB1,FN1,0.9931892116456955
33,CREB5,CCL2,0.992266481744454
4,PTGS2,C1QB,0.9920323298729223
11,CXCL1,IL8,0.99149853548945
13,C3AR1,CEACAM6,0.9907007997964522
8,EGR1,C1QB,0.9896562901570647
29,CEACAM8,FOS,0.9889545206199918
6,FN1,ARG1,0.9887794324346179
2,HLA-DQB1,F2RL1,0.9884140437731925
1,HLA-DQA1,CEACAM6,0.9881464565689856
31,TREM1,LTF,0.9874051948636051
9,FOS,LTF,0.9872027275181975
8,EGR1,LTF,0.9871694446208797
27,MSR1,FOS,0.9867369986313786
21,IL1RAP,FOS,0.9855960032837143
9,FOS,MARCO,0.9850244080634238
17,SLC11A1,FLT3,0.9847024828659758
29,CEACAM6,CREB5,0.9841201311392703
19,FLT3,LTF,0.9838196470544189
33,CREB5,MARCO,0.9838099545197838
30,IL32,IFI27,0.9833456766465042
12,C3AR1,ARG1,0.9832776091536244
18,FLT3,ARG1,0.9829605572869998
33,CREB5,FOS,0.9827918858774499
7,IL3RA,CCL2,0.9824633855987684
6,FN1,CXCL1,0.9822571237803855
15,C1QB,CCL2,0.9819474787644885
10,EGR2,F2RL1,0.9808248004676778
18,FLT3,FCER1A,0.9805113060091393
10,EGR2,CCL2,0.9798354899831165
22,IL1RAP,LCN2,0.9797864517709273
0,HLA-DRB4,FN1,0.9796562070931235
19,LTF,FN1,0.9796562070931235
19,LTF,FOS,0.9795757003933122
7,IL3RA,ARG1,0.9792582423796985
2,HLA-DQB1,IL1R2,0.9787509637269702
28,CEACAM6,EGR1,0.9784147341669389
22,LBP,EGR1,0.9784147341669389
17,FCER1A,IL8,0.9783114066939695
30,IL32,EGR1,0.9774169838044524
25,IFI27,EGR1,0.977225833281279
28,CEACAM6,FCER1A,0.9771199704553264
22,IL1RAP,MSR1,0.9766498217830208
14,C1QB,IL8,0.9765909227904861
28,CEACAM6,SLC11A1,0.9761697601869459
20,IDO1,EGR2,0.9756346648553038
15,F2RL1,EGR1,0.9753786236038098
0,HLA-DRB4,MSR1,0.9752792044729277
19,LTF,FCER1A,0.9745334231771642
25,CCL2,TREM1,0.9739671130675807
15,C1QB,SLC11A1,0.9739330116502705
16,F2RL1,FCER1A,0.9726014632003044
22,IL1RAP,CEACAM6,0.9725603465563013
20,LTF,CEACAM6,0.9725603465563013
33,CREB5,SLC11A1,0.9718598920547026
26,IFI27,CTSG,0.9715947974884689
32,LCN2,MSR1,0.9714993278129245
11,ARG1,SLC11A1,0.9714469937816338
3,IL1R2,C1QB,0.9712140219250274
8,EGR1,CCL2,0.9711930183853894
27,MSR1,FCER1A,0.9706377265563183
30,IL32,LBP,0.9692459478399758
28,CEACAM6,IL8,0.9688036687890212
1,HLA-DQA1,IL3RA,0.9677079329342116
31,TREM1,CEACAM8,0.9676517374438235
0,HLA-DRB4,IL1R2,0.9673014556356232
26,MARCO,IL8,0.965844344314373
7,IL3RA,FLT3,0.9657986375226472
18,FCER1A,CEACAM8,0.9652841714382921
5,IL8,EGR1,0.9647738300584727
5,IL8,IL3RA,0.964739836709288
28,CEACAM6,EGR2,0.9634300552898409
8,EGR1,MSR1,0.9629354227761511
23,LBP,MARCO,0.9624018879465519
12,CXCL1,MSR1,0.9606557181389055
11,CXCL1,IL3RA,0.960576248054847
18,FCER1A,LCN2,0.9604207213042946
7,IL3RA,CXCL1,0.9597697352607409
33,CREB5,FLT3,0.9590558163370575
13,C3AR1,MSR1,0.9586075705817759
13,C3AR1,FLT3,0.9583554142830819
1,HLA-DQA1,FCER1A,0.9576246916592275
23,LILRA4,FLT3,0.9574467480080263
29,CEACAM8,IL1RAP,0.955039023440153
24,CCL2,FN1,0.9548846943533836
15,C1QB,LCN2,0.9546907063488503
19,FLT3,CCL2,0.9543682829611198
6,FN1,CCL2,0.9539176455894804
16,F2RL1,CCL2,0.9539176455894802
10,EGR2,IL32,0.9516081808667769
34,CTSG,CEACAM6,0.9479411488853322
21,IDO1,CCL2,0.9462228792469157
13,C3AR1,MARCO,0.9461627491822574
16,F2RL1,LILRA4,0.9450960244525446
26,MARCO,IDO1,0.9448829224268673
19,FLT3,IL32,0.9433138914669497
5,IL8,IL1RAP,0.9431783482294849
15,C1QB,IL32,0.9408233642209421
5,IL8,IL32,0.9408210163785448
14,PTGDR2,IDO1,0.9405586526184095
23,LBP,TREM1,0.940441229185017
24,LILRA4,IL32,0.9400093817826256
22,LBP,IL1RAP,0.9392950458624134
2,HLA-DQB1,C1QB,0.9386265145107722
28,CEACAM6,CXCL1,0.9355734863620396
11,ARG1,TREM1,0.9352561873308947
27,MARCO,CREB5,0.9347847076259908
11,ARG1,CEACAM6,0.9323857703108374
24,LILRA4,CEACAM6,0.932385770310837
18,FLT3,PTGS2,0.9317039241777795
6,FN1,C3AR1,0.9316475020470583
9,FOS,LBP,0.9309321552555603
15,F2RL1,PTGS2,0.9304062237194086
32,LCN2,CXCL1,0.930062658540083
2,HLA-DQB1,CXCL1,0.9296104220032989
3,IL1R2,TREM1,0.9290658619677965
10,EGR2,LBP,0.9285560290498411
27,MSR1,PTGS2,0.927783595020509
30,IL32,HLA-DQB1,0.9276253802300287
6,IL3RA,PTGS2,0.9270726245796599
28,CEACAM6,F2RL1,0.9266432451241053
5,FN1,PTGS2,0.9255410643321894
13,C3AR1,CEACAM8,0.9233348131042368
23,LILRA4,IDO1,0.9232276982063234
16,F2RL1,CTSG,0.9229483102112293
11,ARG1,CCL2,0.9226161598580026
25,IFI27,F2RL1,0.9222089822297416
18,FCER1A,LTF,0.9212218538198557
32,LCN2,F2RL1,0.9202934256875193
17,FCER1A,F2RL1,0.9202678331476724
11,ARG1,F2RL1,0.9195437467973805
33,CREB5,F2RL1,0.9180138219671977
1,HLA-DQA1,IL1R2,0.9174514386551454
12,CXCL1,F2RL1,0.9167543508476806
10,EGR2,FCER1A,0.9156762344468475
29,CEACAM8,EGR1,0.9155397615379932
31,TREM1,F2RL1,0.9147593544377951
13,C3AR1,FCER1A,0.9141732007247388
2,HLA-DQB1,CTSG,0.9107089515402746
34,CTSG,EGR1,0.9098314399280651
17,SLC11A1,LCN2,0.9040266702677842
29,CEACAM8,C3AR1,0.900998194813956
16,F2RL1,TREM1,0.9006133080218119
17,FCER1A,CXCL1,0.9006023015459826
29,CEACAM8,LBP,0.900298643467093
17,SLC11A1,MARCO,0.8952002214658533
30,CEACAM8,LCN2,0.8927117129989122
2,HLA-DQB1,FCER1A,0.892548007681714
13,C3AR1,LILRA4,0.8922199999683104
31,TREM1,C3AR1,0.8920215258486472
21,IDO1,IL1RAP,0.8917604593852706
17,SLC11A1,IL1RAP,0.8917198260071665
33,CREB5,LCN2,0.8885867903423841
27,MSR1,IL1RAP,0.8874352261972714
25,IFI27,LILRA4,0.8841162616471587
15,C1QB,IDO1,0.8822896157243092
16,F2RL1,IDO1,0.8770053619584354
15,F2RL1,HLA-DQA1,0.8755803882408547
31,TREM1,FOS,0.8726607425379489
0,HLA-DRB4,IL1RAP,0.8714336369304265
0,HLA-DRB4,EGR1,0.8693580292455675
30,IL32,MSR1,0.8682672088019178
21,IL1RAP,F2RL1,0.8672240062017715
34,CTSG,IDO1,0.8643909617051679
15,F2RL1,EGR2,0.8642312305610033
0,HLA-DRB4,LCN2,0.8642154514878951
32,LCN2,IDO1,0.8633654235385917
12,CXCL1,LCN2,0.8623883292158389
31,IL32,CREB5,0.861507628873987
5,IL8,LCN2,0.8593454984969643
28,MSR1,TREM1,0.8571325853756938
22,IL1RAP,MARCO,0.8548791415854989
14,C1QB,HLA-DQA1,0.8519252448717228
25,IFI27,FN1,0.8494176448205816
15,F2RL1,FOS,0.8489344997903019
8,FOS,FN1,0.8484986802840186
8,FOS,IL1R2,0.8453529509686049
31,TREM1,MSR1,0.840632106254604
14,C1QB,FN1,0.8405516837051147
6,IL3RA,HLA-DQA1,0.8401311480809576
30,IL32,C1QB,0.8357418211269898
17,SLC11A1,CREB5,0.8340472597141824
12,C3AR1,EGR2,0.8339306043181023
8,FOS,HLA-DQA1,0.8332376756998694
22,LBP,HLA-DQA1,0.8257765388869666
8,EGR1,CEACAM6,0.8252431774420671
2,HLA-DQB1,FOS,0.8246164985294824
22,IL1RAP,IFI27,0.8242350227225054
17,FCER1A,HLA-DQA1,0.823644194942448
3,IL1R2,IDO1,0.8203985696331191
1,HLA-DQA1,IDO1,0.8195836336396837
31,TREM1,IL1RAP,0.8170880999066911
4,PTGS2,EGR1,0.8165101236740092
10,EGR2,IDO1,0.8127455428663668
28,MSR1,CEACAM6,0.8112925965059352
33,CREB5,C3AR1,0.8105373423592297
30,IL32,IDO1,0.808964913869143
29,CEACAM8,LILRA4,0.8051092841457762
29,CEACAM8,IDO1,0.8049496143235776
17,SLC11A1,TREM1,0.803018769934852
16,F2RL1,IFI27,0.8026136362567197
15,F2RL1,FN1,0.8010743552663756
12,CXCL1,TREM1,0.7988920272754161
17,FCER1A,PTGDR2,0.7954179391845133
21,IL1RAP,PTGDR2,0.7947523084111088
4,PTGS2,TREM1,0.7941276573328805
22,LBP,FN1,0.7936796156840551
29,CEACAM6,TREM1,0.7923887727065884
11,ARG1,IFI27,0.7883428157627184
11,ARG1,CREB5,0.7840993619145759
29,CEACAM8,PTGDR2,0.782287794558084
5,IL8,IFI27,0.7817592303665448
1,HLA-DQA1,IFI27,0.7817592303665445
20,LTF,LCN2,0.7809662931938803
20,IDO1,PTGDR2,0.780199324410165
5,IL8,FCER1A,0.7722092882716484
6,FN1,EGR1,0.7720133002653571
22,LBP,C3AR1,0.7334867815034692
34,CTSG,C3AR1,0.7308019018036243
34,CTSG,FLT3,0.7287924872822222
8,EGR1,C3AR1,0.7186272660979097
22,LBP,PTGDR2,0.7022705313579863
11,ARG1,LILRA4,0.6844929355189993
23,LILRA4,EGR2,0.6443622552194943
27,MSR1,C3AR1,0.6335986818239261
28,MSR1,CTSG,0.6298209005856951
5,FN1,IL8,0.6210263175784636
15,F2RL1,IL8,0.6203995509674421
11,ARG1,CEACAM8,0.610835779013375
20,LTF,IDO1,0.5946987914202676
17,FCER1A,EGR2,0.5833515576943957
19,LTF,CXCL1,0.5714561891223069
3,IL1R2,CXCL1,0.5664928702528833
25,IFI27,LTF,0.5549852042813291
6,FN1,LTF,0.5513611845782099
16,SLC11A1,C3AR1,0.5465638012723466
18,FCER1A,IDO1,0.53790428146131
10,EGR2,CTSG,0.5375696575095185
11,CXCL1,IL1R2,0.5305397780752218
23,LBP,CEACAM8,0.5187468443320266
19,LTF,EGR2,0.5157718493641985
6,FN1,CEACAM6,0.5080480483643224
31,TREM1,CEACAM6,0.5012511518392251
4,IL8,IL1R2,0.49377753292678556
10,ARG1,HLA-DQB1,0.4879065659421462
5,IL8,CEACAM8,0.48125315566797344
32,LCN2,CEACAM8,0.4812531556679734
16,SLC11A1,EGR2,0.47173210073020105
3,IL1R2,MSR1,0.4694045279400521
20,LTF,CREB5,0.4554968093843932
23,LILRA4,PTGDR2,0.4466566617907739
11,ARG1,PTGDR2,0.4431661282023207
31,TREM1,IFI27,0.44073354091815015
24,CCL2,CXCL1,0.4387939831125677
22,IL1RAP,CEACAM8,0.42246015328910175
8,FOS,IL8,0.4142929603061447
5,IL8,TREM1,0.4134835699605311
10,ARG1,IL8,0.37960044903255924
7,EGR1,IL8,0.37950406503714035
0,HLA-DRB4,TREM1,0.3749857992918638
4,PTGS2,LILRA4,0.37041104002845615
26,MARCO,C3AR1,0.3654009509018122
28,CEACAM6,C3AR1,0.365400950901812
14,PTGDR2,CEACAM6,0.3634642260519978
16,SLC11A1,FN1,0.3627656093612722
21,IL1RAP,C3AR1,0.36209281813113287
12,CXCL1,C3AR1,0.3613647002380022
6,FN1,LILRA4,0.353908480581032
16,F2RL1,CREB5,0.3500814022092197
7,IL3RA,CREB5,0.3498476072738571
16,SLC11A1,FOS,0.34373250658760723
13,PTGDR2,HLA-DQA1,0.3415185437451711
28,CEACAM6,C1QB,0.3317130978656179
2,HLA-DQB1,MARCO,0.3303655942547442
25,IFI27,FLT3,0.31215169638072016
13,C3AR1,IDO1,0.3034110044018806
14,PTGDR2,IL1RAP,0.301985349007968
34,CTSG,HLA-DQB1,0.29669405482121836
23,LILRA4,HLA-DQA1,0.27204099699799444
3,IL1R2,FCER1A,0.27118940654459184
9,FOS,CREB5,0.27037744470252295
25,IFI27,IL1R2,0.27008445229367034
24,LILRA4,LCN2,0.26975832872640354
16,SLC11A1,HLA-DQA1,0.26870829460725815
34,CTSG,TREM1,0.2684776908418547
24,LILRA4,TREM1,0.2606667435395669
20,IDO1,FCER1A,0.2551892485280474
0,HLA-DRB4,MARCO,0.25405912578752216
33,CREB5,LILRA4,0.2497230763794526
32,TREM1,CREB5,0.24519815014981394
15,C1QB,IL1RAP,0.24361685423089555
16,F2RL1,LCN2,0.24307283551319253
10,EGR2,IL1RAP,0.24113113687230198
14,PTGDR2,LCN2,0.23801891462133215
33,CREB5,PTGDR2,0.22667703484395946
0,HLA-DRB4,IDO1,0.22320906299521615
2,HLA-DQB1,EGR1,0.2208105308263672
11,CXCL1,FN1,0.21926943764050386
29,CEACAM6,LCN2,0.2190337068061197
21,IDO1,IFI27,0.2182407696334555
28,CEACAM6,LBP,0.21645853429583747
30,IL32,PTGDR2,0.21170500846422377
7,IL3RA,IFI27,0.21165718423728164
24,CCL2,F2RL1,0.21056701156848717
4,PTGS2,FLT3,0.2101166258907783
20,IDO1,FLT3,0.208845694847591
9,EGR2,EGR1,0.2076763978717796
15,C1QB,FLT3,0.20594595852764697
12,CXCL1,PTGDR2,0.20524769158889117
26,MARCO,FN1,0.2045051174456183
20,IDO1,C1QB,0.20097301944675258
27,MSR1,FLT3,0.20083929159942332
9,FOS,TREM1,0.19698123006514817
33,CREB5,IL1R2,0.19188010414808365
2,HLA-DQB1,IDO1,0.19103508613085687
16,F2RL1,SLC11A1,0.18963548417344295
6,FN1,IDO1,0.1872544571336333
9,FOS,MSR1,0.18638155077548188
12,CXCL1,LBP,0.18443686157071826
17,FCER1A,FOS,0.1806313091162602
21,IL1RAP,IDO1,0.17960143036688075
27,MSR1,HLA-DQA1,0.17635580505755194
13,C3AR1,C1QB,0.1749639966362108
29,CEACAM8,CEACAM6,0.1711228849551914
18,FLT3,FN1,0.17018205573679906
4,IL8,HLA-DQA1,0.1667623243001306
11,ARG1,IL1RAP,0.1659018568067328
29,CEACAM8,FN1,0.16503667427050414
24,LILRA4,MSR1,0.1602334633851576
31,IL32,LCN2,0.1578252190132339
24,CCL2,IL1R2,0.1565541653749849
30,IL32,FN1,0.1561618278914122
2,HLA-DQB1,CREB5,0.15479119656454693
12,C3AR1,FN1,0.1538103390870092
0,HLA-DRB4,HLA-DQA1,0.15331750663834093
0,HLA-DRB4,FOS,0.14620088984778726
29,CEACAM8,SLC11A1,0.14602700548512237
21,IL1RAP,HLA-DQA1,0.1448205397916946
30,IL32,FOS,0.14406559461471552
0,HLA-DRB4,FCER1A,0.14156109320053245
10,EGR2,CXCL1,0.1406860328776915
24,CCL2,LBP,0.13949744862436597
34,CTSG,CREB5,0.13849237112601306
9,FOS,LCN2,0.13761167078416123
15,C1QB,LILRA4,0.13587736372675296
33,CREB5,IDO1,0.13560903829483217
27,MSR1,F2RL1,0.13474594784139424
15,C1QB,F2RL1,0.13457584351766028
12,CXCL1,CCL2,0.13415491278379946
24,CCL2,FOS,0.13366207080147474
9,EGR2,FOS,0.1336620708014746
34,CTSG,CEACAM8,0.13035758451496118
18,FCER1A,LBP,0.12678358888506058
1,HLA-DQA1,LBP,0.12678358888506047
3,IL1R2,CEACAM6,0.12648686386991007
7,IL3RA,TREM1,0.12443165494891818
19,LTF,IL1R2,0.12368093480809098
15,C1QB,CEACAM8,0.12024841276156994
9,FOS,EGR2,0.11996896067524747
30,IL32,CCL2,0.11815075968339503
21,IDO1,IL32,0.1170789252570924
17,SLC11A1,CTSG,0.11607529034715651
24,LILRA4,MARCO,0.11603829392061198
24,CCL2,FCER1A,0.11467783431572381
9,FOS,LILRA4,0.11384571265270005
16,SLC11A1,EGR1,0.1123660894006076
20,IDO1,CXCL1,0.10954486546225842
9,FOS,IL1RAP,0.10908020503621765
23,LILRA4,IL1RAP,0.10828017399283354
33,CREB5,IL1RAP,0.10828017399283352
4,PTGS2,IL1RAP,0.1082395406147296
19,FLT3,IL1RAP,0.10620530947513548
18,FCER1A,IL1RAP,0.10530444750737045
5,IL8,CREB5,0.10527659117374044
32,LCN2,IL32,0.10507792766627329
19,FLT3,MARCO,0.1047997785341469
8,EGR1,LBP,0.10437132953501271
18,FCER1A,CREB5,0.10376634986283745
14,C1QB,EGR1,0.10345624430074334
24,CCL2,C3AR1,0.09900180518604405
13,PTGDR2,C3AR1,0.09756000701842908
5,IL8,CCL2,0.09668312495940948
1,HLA-DQA1,CREB5,0.09422153454336922
22,IL1RAP,LILRA4,0.09154208864497414
11,CXCL1,EGR2,0.0913382520650022
12,CXCL1,CTSG,0.0892910484597254
6,FN1,F2RL1,0.08834554315154743
13,C3AR1,F2RL1,0.08524064556220477
27,MSR1,EGR1,0.08446023846200673
8,FOS,HLA-DQB1,0.08293040713019632
8,FOS,EGR1,0.08187097846768225
30,IL32,F2RL1,0.08096816903454297
21,IDO1,MARCO,0.07983733401952392
4,PTGS2,F2RL1,0.07973216685232766
34,CTSG,F2RL1,0.07970657431248082
31,TREM1,LBP,0.07909298206438223
6,FN1,CTSG,0.07705168978877083
21,IL1RAP,HLA-DQB1,0.07433924279768922
9,FOS,C3AR1,0.07415398522064275
26,MARCO,PTGS2,0.07361244522159775
14,C1QB,PTGS2,0.07337201896801276
22,LBP,PTGS2,0.07292737542034022
4,IL8,PTGS2,0.07221640497949106
30,IL32,CXCL1,0.07145541279750876
2,HLA-DQB1,LBP,0.07144397095015881
33,CREB5,CXCL1,0.07038957799670113
21,IL1RAP,CXCL1,0.06993734145991694
16,SLC11A1,PTGS2,0.06990090033617612
3,IL1R2,PTGS2,0.06959377628059145
17,FCER1A,C1QB,0.06934115561630551
17,SLC11A1,LBP,0.06916263847547918
32,LCN2,C1QB,0.0689135593479808
5,IL8,C1QB,0.06891355934798071
13,C3AR1,TREM1,0.06791280407980148
19,FLT3,CEACAM6,0.06761422968916292
30,IL32,CEACAM6,0.06761422968916285
17,SLC11A1,FCER1A,0.06650421382916424
28,MSR1,CEACAM8,0.06640433967991377
32,LCN2,C3AR1,0.06467296689446755
16,F2RL1,CEACAM6,0.06337208813407995
24,CCL2,C1QB,0.06137348548922786
27,MARCO,CTSG,0.061097888092836374
22,IL1RAP,IL32,0.05868267991027984
13,PTGDR2,EGR2,0.058544788826653475
2,HLA-DQB1,IL32,0.05792651839927727
14,PTGDR2,TREM1,0.056876778243467846
30,IL32,IL1RAP,0.05682165177051521
3,IL1R2,SLC11A1,0.0566931141636638
16,F2RL1,IL32,0.055506581225260504
1,HLA-DQA1,CTSG,0.0550044653935807
4,PTGS2,SLC11A1,0.052598871735926436
25,CCL2,MSR1,0.050446307588926216
2,HLA-DQB1,IL3RA,0.05011126025749442
0,HLA-DRB4,CTSG,0.04942657641443342
27,MARCO,LCN2,0.04841681392887528
25,IFI27,FCER1A,0.04834660636750934
17,FCER1A,EGR1,0.046960688264509665
1,HLA-DQA1,CCL2,0.04608235441051949
10,EGR2,LCN2,0.04530929365114976
11,ARG1,LCN2,0.043487046297054584
8,EGR1,FCER1A,0.04237530834077263
28,CEACAM6,IL3RA,0.0418756615705086
26,MARCO,FLT3,0.041644585716917884
10,EGR2,FLT3,0.04164458571691785
26,IFI27,MSR1,0.04139242941822404
1,HLA-DQA1,SLC11A1,0.04100980937386536
14,PTGDR2,SLC11A1,0.04100980937386536
19,LTF,IL3RA,0.04082068406886232
34,CTSG,LCN2,0.03957927869570536
7,IL3RA,MSR1,0.03934428186109476
33,CREB5,MSR1,0.038854722433064016
15,C1QB,MARCO,0.03759811205344814
26,MARCO,EGR2,0.03720334280174856
10,EGR2,C1QB,0.037164181913431564
27,MARCO,MSR1,0.03706457722384898
25,CCL2,CEACAM8,0.036715208591121304
33,CREB5,IL8,0.035819201573686205
14,C1QB,IL3RA,0.03556680687802844
9,EGR2,IL3RA,0.035260163290711806
10,EGR2,CEACAM8,0.034715828561707913
30,IL32,IL3RA,0.03450916591133401
31,TREM1,FLT3,0.03420136247735304
12,CXCL1,FLT3,0.03420136247735287
19,FLT3,LILRA4,0.034015619711533336
16,SLC11A1,IL8,0.03053315469092731
9,FOS,C1QB,0.03038856979873235
7,IL3RA,C1QB,0.029310357471538206
17,FCER1A,SLC11A1,0.028140107945297532
13,PTGDR2,ARG1,0.02779657920221127
12,CXCL1,SLC11A1,0.026531883386196994
20,IDO1,SLC11A1,0.026531883386196914
31,TREM1,IL1R2,0.0263632421004049
0,HLA-DRB4,SLC11A1,0.0247754759194787
24,CCL2,IL8,0.024533711043459208
6,FN1,FLT3,0.02378711745742884
22,LBP,IL8,0.02340907720951375
2,HLA-DQB1,MSR1,0.023350178216979
9,FOS,CEACAM6,0.0218791004723749
24,CCL2,EGR1,0.021585265833061053
6,IL3RA,IL1R2,0.02091315818165913
31,TREM1,ARG1,0.020741757620301532
4,PTGS2,IL8,0.020736146898674628
14,C1QB,FOS,0.020424299606687797
27,MSR1,FN1,0.02034379290687648
4,PTGS2,FN1,0.02017780866863787
14,PTGDR2,CCL2,0.020164510016883665
8,EGR1,EGR2,0.019771745871904133
26,MARCO,FOS,0.01970241506383163
14,PTGDR2,FCER1A,0.019488693990860683
14,PTGDR2,IFI27,0.01945730462246273
18,FCER1A,IFI27,0.0194573046224627
8,EGR1,ARG1,0.01923871173794063
13,PTGDR2,EGR1,0.01831074983856965
20,LTF,CCL2,0.018052521235511532
34,CTSG,CCL2,0.01805252123551144
16,SLC11A1,ARG1,0.017359209317612957
18,FLT3,FOS,0.017208114122549568
3,IL1R2,IFI27,0.01681956031723218
10,EGR2,ARG1,0.016722390846375657
10,EGR2,IFI27,0.016654323353495874
15,C1QB,LTF,0.016597647152909584
27,MSR1,MARCO,0.016190045480216377
6,FN1,MARCO,0.016190045480216318
19,LTF,FLT3,0.015297517134024092
28,CEACAM6,MARCO,0.015117593318692248
22,LBP,FLT3,0.014077516837758333
9,EGR2,HLA-DQB1,0.01386800521742759
20,IDO1,ARG1,0.013121532855313364
1,HLA-DQA1,F2RL1,0.01305988302210646
34,CTSG,LTF,0.012797272481802478
9,FOS,ARG1,0.012515871540783397
14,C1QB,ARG1,0.012264493030570648
10,EGR2,CEACAM6,0.011853543431014567
5,IL8,CEACAM6,0.01171132349490475
23,LILRA4,HLA-DQB1,0.010676832756665594
14,PTGDR2,C1QB,0.010343709842935284
31,TREM1,C1QB,0.009875598077064882
0,HLA-DRB4,IFI27,0.008625544699301048
18,FLT3,IL1R2,0.007995985809184505
25,IFI27,CCL2,0.007733518255545893
18,FCER1A,IL32,0.006938367811363047
7,EGR1,FN1,0.0068107883543045075
26,MARCO,IL1R2,0.006533798686639452
7,IL3RA,LTF,0.006280614660329392
31,IL32,CTSG,0.006140710868069661
26,MARCO,CXCL1,0.006128828440767604
4,PTGS2,CTSG,0.005943856199188027
32,LCN2,FLT3,0.005456803970088399
12,C3AR1,HLA-DQB1,0.0052720268899953205
4,PTGS2,PTGDR2,0.0052615965424532025
29,CEACAM8,IL1R2,0.005164154982256492
22,LBP,LTF,0.004955254018647263
5,IL8,FN1,0.004483874258277156
1,HLA-DQA1,PTGDR2,0.004399399936847023
15,C1QB,IFI27,0.004328034675371731
27,MSR1,PTGDR2,0.00408414103469725
15,F2RL1,PTGDR2,0.0038354301257311875
33,CREB5,HLA-DQB1,0.0037040922799603613
13,C3AR1,IFI27,0.0033387253946927428
33,CREB5,LTF,0.003267086269318719
19,LTF,HLA-DQB1,0.0028190946773181663
32,LCN2,HLA-DQB1,0.0028035073698687496
26,MARCO,HLA-DQB1,0.0019625952523262997
13,PTGDR2,PTGS2,0.001581946346824158
20,IDO1,IL8,0.001555173968992902
0,HLA-DRB4,CEACAM8,0.0014653179390191665
34,CTSG,PTGS2,0.0014342205443878563
23,LILRA4,IL3RA,0.001020485301955985
25,CCL2,IL32,0.0009106758736431958
22,LBP,IL3RA,0.0008939882941842755
32,LCN2,IL8,0.0006164877719530971
34,CTSG,HLA-DRB4,0.000508693734852917
16,SLC11A1,HLA-DRB4,0.0004041239177440169
27,MARCO,IL32,0.0003920134854850612
15,F2RL1,HLA-DRB4,0.00022619979877655535
24,CCL2,HLA-DRB4,0.00012216283903136133
4,IL8,HLA-DRB4,0.00011971681104729974
20,IDO1,HLA-DRB4,8.376146144522213e-05
7,EGR1,HLA-DQB1,5.563710975643327e-05
0,HLA-DRB4,HLA-DQB1,4.822537065383175e-05
17,FCER1A,HLA-DQB1,4.134705979081405e-05
9,EGR2,PTGS2,5.464404051948895e-06
10,ARG1,HLA-DRB4,3.3541697548517037e-07
