,TF,target,importance
34,CTSG,MARCO,5.654984123808047
9,FOS,MARCO,4.729698279062166
11,CXCL1,FOS,4.709548949367052
11,ARG1,LCN2,4.378575322197953
29,CEACAM8,MARCO,4.043751936619828
15,C1QB,MARCO,3.96352028728027
16,F2RL1,MARCO,3.9575539393236836
34,CTSG,LTF,3.9529689381325817
4,PTGS2,LTF,3.944477344423178
26,MARCO,F2RL1,3.7336661182758224
27,MSR1,MARCO,3.6988246911640807
0,HLA-DRB4,FOS,3.686624497729343
8,EGR1,MARCO,3.557239128817498
24,LILRA4,CEACAM8,3.553486552918573
22,LBP,FOS,3.4467739551178904
11,ARG1,MARCO,3.1228957420646175
9,FOS,LBP,3.0904875920030275
20,IDO1,IL3RA,3.0459317470926934
14,C1QB,HLA-DQB1,2.9980764823977104
30,IL32,EGR2,2.9768347010666663
22,IL1RAP,IFI27,2.9766292683373914
31,TREM1,LBP,2.970157376330143
13,PTGDR2,ARG1,2.9685325230794652
24,CCL2,ARG1,2.9642375610740452
23,LILRA4,EGR1,2.963139452629364
12,C3AR1,IL1R2,2.959415919971507
14,PTGDR2,IL32,2.957949572405792
17,FCER1A,FOS,2.9475340903906044
18,FLT3,PTGS2,2.9126291556230575
11,CXCL1,PTGS2,2.9096632206075936
9,FOS,CCL2,2.907141613286462
31,TREM1,FOS,2.9052768158477553
7,EGR1,IL3RA,2.8975203133872673
34,CTSG,CREB5,2.8905777574536637
5,IL8,CXCL1,2.885184858154161
32,LCN2,EGR1,2.8738327385652656
17,FCER1A,CXCL1,2.862589434447048
17,SLC11A1,CEACAM6,2.860330015149003
31,TREM1,CXCL1,2.856287799282295
7,IL3RA,CCL2,2.8476597271222723
3,IL1R2,IL1RAP,2.8280478574960135
6,FN1,CTSG,2.8202251273367
28,CEACAM6,FCER1A,2.807859600070347
2,HLA-DQB1,SLC11A1,2.7897705517935423
24,CCL2,EGR2,2.7743552794617843
12,C3AR1,FOS,2.772257282038751
29,CEACAM8,FOS,2.770049879136817
16,SLC11A1,EGR1,2.751150831064927
12,CXCL1,MSR1,2.746423225151344
32,LCN2,FCER1A,2.724178780051946
30,CEACAM8,TREM1,2.7143097938400005
14,C1QB,FN1,2.708874089619515
28,MSR1,LCN2,2.7088662417141895
16,F2RL1,IFI27,2.7050032990573074
1,HLA-DQA1,C1QB,2.6971756004589382
4,PTGS2,IDO1,2.688601915989321
23,LBP,CREB5,2.68826234358313
27,MSR1,FOS,2.659713112408091
28,MSR1,CREB5,2.647692820951759
0,HLA-DRB4,CEACAM8,2.647661040404056
29,CEACAM8,IL1RAP,2.645739748498037
1,HLA-DQB1,HLA-DRB4,2.5905843767538514
25,IFI27,FOS,2.589251364776674
30,IL32,IDO1,2.586896256498294
6,FN1,IDO1,2.5787157180417983
27,MSR1,LILRA4,2.5437986524168137
26,MARCO,PTGDR2,2.526345732253375
27,MARCO,MSR1,2.5200250080452378
4,PTGS2,LCN2,2.495007685813887
32,LCN2,IDO1,2.494105236292476
32,LCN2,FOS,2.2078950039569802
23,LBP,MARCO,2.202789120805839
34,CTSG,MSR1,2.170789031519924
12,CXCL1,MARCO,2.1688799573492217
12,C3AR1,HLA-DRB4,2.1580051288538673
12,C3AR1,EGR2,2.142548889799968
29,CEACAM6,TREM1,2.1406282892822825
6,IL3RA,HLA-DQA1,2.1340943183397587
7,IL3RA,CEACAM8,2.123433049845948
21,IL1RAP,SLC11A1,2.123254001391641
16,SLC11A1,C1QB,2.1227958943781573
10,EGR2,C1QB,2.1042209876122984
18,FCER1A,LBP,2.1024966122251025
22,LBP,F2RL1,2.062034216859897
13,C3AR1,FCER1A,2.0595328815938356
32,LCN2,HLA-DQA1,2.042818070584244
16,SLC11A1,FOS,2.0293712370414547
5,IL8,IFI27,2.028008054883799
29,CEACAM8,PTGDR2,2.0272452820415996
34,CREB5,CTSG,2.0228903754772887
14,PTGDR2,CEACAM8,2.020118387708535
15,F2RL1,FOS,2.0116715887836736
5,IL8,IL1RAP,2.007732117225297
22,IL1RAP,IL32,2.006158814293789
27,MSR1,IL8,2.0041105783326403
5,IL8,ARG1,2.0010500114746366
27,MSR1,HLA-DQB1,2.0005447610981424
25,IFI27,HLA-DQB1,2.000424847013255
1,HLA-DQA1,PTGS2,2.000024290647267
31,TREM1,HLA-DRB4,2.0
11,CXCL1,HLA-DRB4,1.999997768469825
24,CCL2,HLA-DRB4,1.9999469608875153
5,FN1,HLA-DRB4,1.9998944324445453
6,IL3RA,HLA-DRB4,1.999689291495027
16,F2RL1,MSR1,1.9989748016417195
3,IL1R2,ARG1,1.998743960172498
9,FOS,PTGDR2,1.9987136434348642
0,HLA-DRB4,IL8,1.997121627658655
26,MARCO,FN1,1.9911438838326472
31,TREM1,MARCO,1.9900656459734627
32,LCN2,IL32,1.9893018062391754
6,IL3RA,IL8,1.9889029495580646
8,EGR1,CXCL1,1.988610274690341
16,SLC11A1,ARG1,1.9884490290984762
29,CEACAM8,ARG1,1.9869747809419098
5,FN1,IL8,1.9832972567351181
16,SLC11A1,F2RL1,1.9803083097998282
23,LILRA4,FN1,1.9798221913313623
32,LCN2,FLT3,1.9797646663431934
21,IDO1,IFI27,1.9783149884560263
30,IL32,ARG1,1.9772570061227963
10,ARG1,FN1,1.9760672922189182
18,FLT3,FOS,1.9748640765602075
29,CEACAM8,EGR1,1.9743942024816619
33,CREB5,FN1,1.9724752813877078
11,ARG1,LTF,1.972380857615586
24,CCL2,LTF,1.9721095858212405
22,LBP,SLC11A1,1.9719774384839566
18,FCER1A,CTSG,1.969259392001185
24,CCL2,IL1R2,1.9684036783989678
21,IDO1,CEACAM8,1.9680450666847684
19,LTF,SLC11A1,1.9668949974438108
6,FN1,ARG1,1.966514661948725
10,ARG1,FOS,1.9662459356692468
24,CCL2,FLT3,1.9639155253190452
9,EGR2,HLA-DQB1,1.9625181645279262
30,IL32,HLA-DQB1,1.962288292246412
18,FCER1A,CCL2,1.961603817584159
26,MARCO,FLT3,1.960576281166674
13,PTGDR2,EGR2,1.9595740354769904
13,PTGDR2,HLA-DQB1,1.9580867564489204
21,IL1RAP,F2RL1,1.955370252842498
18,FLT3,FN1,1.954422246450026
5,IL8,EGR1,1.9542258240479542
21,IL1RAP,IL1R2,1.954122186123008
13,PTGDR2,IL1R2,1.9538390779968577
26,IFI27,CEACAM6,1.9527925186748663
26,MARCO,FCER1A,1.9510845902227392
29,CEACAM8,SLC11A1,1.9498961333422882
9,FOS,IL32,1.9471471847262538
30,IL32,LBP,1.9430652841622842
28,CEACAM6,MARCO,1.9421965632279221
11,CXCL1,IL3RA,1.9379692379906124
5,IL8,MARCO,1.9378349471669576
23,LBP,CCL2,1.9361655287127733
23,LILRA4,C1QB,1.9358432121887683
34,CTSG,FLT3,1.9348711950124564
12,C3AR1,IL3RA,1.934725620869594
16,F2RL1,CCL2,1.9331131445982779
20,IDO1,EGR2,1.932571521438577
16,F2RL1,IL32,1.9305710349702383
11,ARG1,IL1RAP,1.9289476050497787
10,EGR2,C3AR1,1.9282969501372895
16,F2RL1,LBP,1.9278708426061169
33,CREB5,MARCO,1.9258930196433497
21,IDO1,CEACAM6,1.9247739410641729
0,HLA-DRB4,IL1R2,1.9212556461599295
3,IL1R2,CEACAM6,1.9185402037731354
14,C1QB,PTGS2,1.9184356838006023
20,LTF,IL32,1.9179915800772398
24,LILRA4,CTSG,1.916529438970779
31,TREM1,PTGS2,1.9157338044489947
7,EGR1,PTGS2,1.914223451020809
30,IL32,IL1RAP,1.9099127005028755
32,LCN2,IL1R2,1.9093425889264954
16,F2RL1,CREB5,1.9080664789739845
1,HLA-DQA1,FOS,1.90542534203431
2,HLA-DQB1,TREM1,1.9006538594238347
29,CEACAM8,FCER1A,1.895400663851786
15,F2RL1,CXCL1,1.8848646657956738
17,SLC11A1,LBP,1.881203954698774
30,CEACAM8,CTSG,1.8759940756966589
11,ARG1,CTSG,1.8759281160787555
19,FLT3,LILRA4,1.8726766062740219
23,LILRA4,FLT3,1.8652066232716817
22,IL1RAP,LCN2,1.8649417149735503
23,LBP,LCN2,1.8613932701387415
2,HLA-DQB1,EGR2,1.860774302485026
15,F2RL1,FN1,1.858819785306986
30,CEACAM8,CREB5,1.85612258415457
11,ARG1,TREM1,1.8545729781609022
32,LCN2,C1QB,1.8525233657935842
29,CEACAM6,CTSG,1.8477148790339328
1,HLA-DQA1,MSR1,1.8442457976482567
32,LCN2,MARCO,1.8434808515074799
32,LCN2,HLA-DRB4,1.8395518636287276
7,IL3RA,C3AR1,1.8383654297346503
11,ARG1,CREB5,1.838181419730978
10,EGR2,LTF,1.8368007752773408
17,FCER1A,FN1,1.8343782984296735
34,CTSG,LBP,1.8320034128775708
25,IFI27,SLC11A1,1.8314074331250472
24,LILRA4,CREB5,1.8278025069515715
25,IFI27,HLA-DQA1,1.8268264494465682
24,CCL2,CXCL1,1.8265218027955203
23,LILRA4,C3AR1,1.826298348680987
22,IL1RAP,CREB5,1.8227411159262539
5,IL8,TREM1,1.8216541545216367
8,EGR1,FOS,1.8215141508503903
17,SLC11A1,MARCO,1.8209189866829947
0,HLA-DRB4,HLA-DQA1,1.8197063801006794
14,PTGDR2,LCN2,1.8143199340203764
30,IL32,SLC11A1,1.8134091793821452
33,CREB5,MSR1,1.7984073606387807
32,LCN2,TREM1,1.7912123122967294
14,PTGDR2,C1QB,1.7890883304802752
4,PTGS2,MARCO,1.7873757711141673
6,FN1,CEACAM6,1.7849343993033573
29,CEACAM8,LBP,1.7817407021070086
20,LTF,LILRA4,1.7726559478976087
7,IL3RA,MSR1,1.7671378027102846
2,HLA-DQB1,LILRA4,1.7660474476522872
17,FCER1A,C3AR1,1.7627224553032763
5,IL8,LILRA4,1.758857909836577
10,EGR2,PTGDR2,1.752263814272894
17,FCER1A,SLC11A1,1.7333467216417189
12,CXCL1,C3AR1,1.732272776293085
10,ARG1,HLA-DQA1,1.7184869719700193
17,FCER1A,EGR2,1.714279449104405
0,HLA-DRB4,C3AR1,1.704758780309569
21,IDO1,MARCO,1.7016812802261208
0,HLA-DRB4,FLT3,1.698325725272289
19,FLT3,IDO1,1.6971821795330972
19,FLT3,LTF,1.696783575837824
0,HLA-DRB4,LBP,1.6940250382847197
5,IL8,IDO1,1.694001780956985
32,LCN2,IL8,1.689110073557195
31,TREM1,HLA-DQA1,1.6756060356033702
18,FCER1A,LILRA4,1.667331040585936
27,MSR1,HLA-DQA1,1.660231100282252
2,HLA-DQB1,CEACAM8,1.655000038858352
25,IFI27,IL1RAP,1.6534480346677496
21,IDO1,CREB5,1.6341889474879734
2,IL1R2,HLA-DQB1,1.6199490204038867
3,IL1R2,FLT3,1.6126125503724484
10,EGR2,LILRA4,1.5902117934202127
7,IL3RA,LILRA4,1.5815411789399645
23,LBP,IFI27,1.5517345162301115
18,FLT3,PTGDR2,1.5381955562184444
24,CCL2,IL8,1.5378613405238348
12,CXCL1,PTGDR2,1.5314999675439407
23,LILRA4,IL8,1.5106068364756924
33,CREB5,IL1R2,1.5008037806677634
26,MARCO,FOS,1.4921647299619962
30,IL32,PTGDR2,1.4700540098203656
10,EGR2,MSR1,1.4678340826469052
3,PTGS2,HLA-DQB1,1.431933064499652
19,FLT3,CEACAM8,1.385823128157715
24,CCL2,FOS,1.3406859774710262
30,CEACAM8,LCN2,1.3350220141056346
10,EGR2,LBP,1.301184057709857
0,HLA-DRB4,CEACAM6,1.2779542070980212
0,HLA-DRB4,CREB5,1.2631825501390448
22,IL1RAP,MARCO,1.2555020052108634
21,IL1RAP,CXCL1,1.25376210098108
9,FOS,CXCL1,1.2427096959943156
32,LCN2,PTGDR2,1.238184762510488
15,C1QB,LILRA4,1.237203966128294
32,LCN2,CEACAM8,1.2240297898427168
2,HLA-DQB1,IDO1,1.22381978521812
28,CEACAM6,IFI27,1.2228700499852778
18,FCER1A,MARCO,1.221863887134975
22,LBP,PTGDR2,1.2156317136933488
17,SLC11A1,IFI27,1.2156097811690945
12,CXCL1,TREM1,1.2087876877032704
32,LCN2,MSR1,1.202892659964545
2,HLA-DQB1,MARCO,1.1983109341844838
8,EGR1,C3AR1,1.1979194226649585
2,HLA-DQB1,IFI27,1.1779766377457568
25,IFI27,LTF,1.166364365459225
28,CEACAM6,C1QB,1.1654376004941729
3,IL1R2,FN1,1.1620882233087748
15,F2RL1,HLA-DRB4,1.1603456762354458
5,IL8,FCER1A,1.1563027508272086
9,FOS,TREM1,1.149856910802719
3,IL1R2,MARCO,1.139300178993813
20,LTF,MARCO,1.132344592533505
7,IL3RA,FOS,1.1216908992900976
26,IFI27,MSR1,1.1196660251521782
6,FN1,CCL2,1.1168950766024315
15,C1QB,CCL2,1.1145580676226179
34,CTSG,IL1RAP,1.1131313861551209
6,FN1,LCN2,1.1100740203504862
31,IL32,CREB5,1.1091937563742105
27,MSR1,LBP,1.1034665545441547
3,IL1R2,CEACAM8,1.0958524346135246
8,EGR1,LCN2,1.0930398560804462
19,LTF,PTGS2,1.091126017534196
32,LCN2,LILRA4,1.0906408495079387
17,SLC11A1,CREB5,1.0894631595109245
24,CCL2,C3AR1,1.0876119431586937
34,CTSG,F2RL1,1.087311118188547
30,IL32,MARCO,1.086916930852506
7,IL3RA,CXCL1,1.0868047006842774
7,IL3RA,FCER1A,1.086746971833952
30,IL32,CCL2,1.0862569659695802
14,PTGDR2,MARCO,1.0845999528688064
8,FOS,PTGS2,1.0804732191885107
0,HLA-DRB4,CTSG,1.08005524847564
28,CEACAM6,PTGS2,1.0799181372372755
7,IL3RA,CTSG,1.071132392465391
4,PTGS2,LBP,1.0692746826592803
25,CCL2,IL32,1.0684910752510877
21,IDO1,LBP,1.0683880923753954
23,LBP,CEACAM6,1.0679676480883635
3,IL1R2,CXCL1,1.0644265136379603
1,HLA-DQA1,CTSG,1.0634805467905084
19,FLT3,CTSG,1.0633741101379819
27,MSR1,IL1RAP,1.0604140950222278
25,CCL2,MARCO,1.0583546619190431
7,IL3RA,TREM1,1.056263738120834
1,HLA-DQA1,TREM1,1.054457834939853
25,CCL2,CEACAM6,1.052980304153915
3,IL1R2,LBP,1.0499114057029848
0,HLA-DRB4,EGR2,1.0470952636328377
0,HLA-DRB4,MARCO,1.0440523423095647
3,IL1R2,CREB5,1.0390614436659156
10,ARG1,IL3RA,1.0378797623083267
6,FN1,CEACAM8,1.0349500707285655
19,LTF,C1QB,1.034048119767554
31,TREM1,EGR2,1.0280701661066503
17,FCER1A,IL8,1.0275733205904751
31,TREM1,IL8,1.0273955441693563
13,C3AR1,CTSG,1.0272946142425288
22,IL1RAP,LBP,1.0262799315832676
9,FOS,SLC11A1,1.02373753405621
31,TREM1,IL3RA,1.0206974978265393
18,FLT3,EGR1,1.0191074376105367
12,CXCL1,CEACAM6,1.0190253481382885
8,EGR1,FLT3,1.0183447881280485
26,MARCO,LTF,1.0177171447189806
27,MARCO,IL32,1.0158596341587427
1,HLA-DQA1,EGR1,1.0155113391535666
5,FN1,HLA-DQA1,1.0154596174778374
14,PTGDR2,FLT3,1.0151284634824518
9,FOS,C3AR1,1.0146192196119719
11,CXCL1,FN1,1.0146092450338355
33,CREB5,LBP,1.0144768285530892
12,CXCL1,LILRA4,1.0133889853142974
8,EGR1,F2RL1,1.0107215113981023
17,SLC11A1,IDO1,1.0104356492331945
18,FCER1A,CEACAM6,1.0101358595583436
14,PTGDR2,FCER1A,1.0093823558059136
0,HLA-DRB4,F2RL1,1.0092375670156373
28,CEACAM6,FLT3,1.0084752686666034
7,IL3RA,F2RL1,1.0072030310258668
7,IL3RA,LBP,1.0068048177631688
21,IL1RAP,EGR2,1.0050247894290654
20,IDO1,FN1,1.0046770088119985
15,C1QB,FCER1A,1.0045004234884094
22,LBP,IL3RA,1.0043852513316769
4,IL8,HLA-DQA1,1.0030945797630033
11,ARG1,F2RL1,1.0021974753370224
20,IDO1,FLT3,1.0020829018607855
15,F2RL1,PTGS2,1.001960539661638
1,HLA-DQA1,IL8,1.0018578757792165
11,ARG1,IDO1,1.0015164947691177
8,EGR1,IFI27,1.0012590319387846
0,HLA-DRB4,FN1,1.0012256961790118
22,IL1RAP,CCL2,1.001219490181942
28,CEACAM6,EGR1,1.0011259798739747
26,MARCO,IL1R2,1.0011169041225905
1,HLA-DQA1,HLA-DQB1,1.0009937874562445
17,FCER1A,ARG1,1.0007649654650206
23,LBP,LILRA4,1.0003683730340078
0,HLA-DRB4,PTGS2,1.0002331937088513
23,LILRA4,PTGDR2,1.0000852712151633
18,FLT3,HLA-DRB4,1.0000550153079026
29,CEACAM8,HLA-DRB4,1.000051762400757
19,LTF,HLA-DRB4,1.0000507173596063
6,IL3RA,HLA-DQB1,1.0000275115734034
15,F2RL1,EGR1,1.0000000000000002
22,LBP,HLA-DRB4,1.0
34,CTSG,HLA-DRB4,1.0
22,LBP,FLT3,1.0
0,HLA-DRB4,LCN2,1.0
18,FCER1A,FLT3,1.0
3,IL1R2,EGR1,1.0
4,IL8,HLA-DQB1,1.0
7,EGR1,HLA-DQB1,1.0
16,SLC11A1,IL1R2,1.0
15,F2RL1,IL8,0.9999999999999999
26,IFI27,MARCO,0.9999999999999999
2,HLA-DQB1,IL3RA,0.9999960908603803
29,CEACAM8,IL3RA,0.9999776673296817
23,LILRA4,PTGS2,0.9999669688228003
11,ARG1,IL32,0.9999573765838962
27,MSR1,HLA-DRB4,0.999948237599243
0,HLA-DQA1,HLA-DRB4,0.9999472162222727
2,HLA-DQB1,EGR1,0.9998813905533681
21,IL1RAP,PTGDR2,0.9997283109452011
4,PTGS2,IL8,0.9996811834576678
7,IL3RA,IFI27,0.9995986326009757
16,SLC11A1,HLA-DQA1,0.9995910186094121
2,HLA-DQB1,ARG1,0.9995790049693816
34,CTSG,IL32,0.9995785211586644
0,HLA-DRB4,PTGDR2,0.9994724246581991
1,HLA-DQA1,IL3RA,0.9993500758640922
30,IL32,CEACAM8,0.9992988448936434
15,F2RL1,C1QB,0.9991370447268774
26,MARCO,IL3RA,0.9990769000134037
10,EGR2,IL32,0.9989792393681571
21,IL1RAP,HLA-DQB1,0.9988339543747313
22,LBP,HLA-DQB1,0.9988213652054765
16,SLC11A1,PTGS2,0.9987256246327745
10,EGR2,ARG1,0.9986852714955476
9,EGR2,IL8,0.9986465946563885
34,CTSG,FOS,0.9986463885352846
18,FCER1A,LTF,0.9985483437986873
15,C1QB,IFI27,0.9981826740387519
2,HLA-DQB1,C3AR1,0.9980580709258722
19,LTF,PTGDR2,0.9978149028117549
14,C1QB,IL1R2,0.9971451041401479
12,CXCL1,IFI27,0.9970020506972462
20,LTF,IDO1,0.9968191963696108
23,LILRA4,LTF,0.9967614747888466
19,LTF,FOS,0.9967483722052642
1,HLA-DQA1,F2RL1,0.9965078299524744
26,MARCO,IL1RAP,0.996207999285775
1,HLA-DQA1,IL1R2,0.9956881702397847
8,FOS,HLA-DQA1,0.995303854617269
1,HLA-DQA1,IFI27,0.9951847247359982
13,C3AR1,IFI27,0.9951847247359982
34,CTSG,LCN2,0.9950531637315114
16,F2RL1,IDO1,0.9950266681042853
14,C1QB,CXCL1,0.994031333379144
28,CEACAM6,EGR2,0.9934785810317154
11,ARG1,CCL2,0.9924691467845222
4,PTGS2,C3AR1,0.9923016918077285
13,PTGDR2,IL8,0.9921931224584587
5,IL8,FLT3,0.9915247313333967
5,IL8,F2RL1,0.9915171548102335
12,CXCL1,F2RL1,0.9913556567605503
24,CCL2,IL3RA,0.9901834933947682
2,HLA-DQB1,CCL2,0.99017256252622
26,MARCO,EGR2,0.9898233402555457
21,IL1RAP,IL3RA,0.9894918406856936
34,CTSG,IL3RA,0.9894918406856922
13,PTGDR2,FN1,0.9893421687392318
9,FOS,F2RL1,0.9892784886018978
23,LBP,IL32,0.9888631389494781
22,IL1RAP,CTSG,0.9886615276616596
27,MSR1,IL3RA,0.988655293488244
15,F2RL1,ARG1,0.9883885716789362
9,FOS,C1QB,0.9882674781241463
24,CCL2,FN1,0.9879275264736272
19,FLT3,CEACAM6,0.9878354688340154
27,MSR1,C1QB,0.9871534728988182
15,C1QB,TREM1,0.9864482754827572
9,FOS,FLT3,0.9857151335660188
32,LCN2,ARG1,0.9855397506513295
9,FOS,ARG1,0.9855397506513295
31,TREM1,IFI27,0.9853030104657555
4,PTGS2,ARG1,0.985270989166449
13,C3AR1,IDO1,0.9846074535425332
33,CREB5,FOS,0.9844638645921325
32,LCN2,LTF,0.9835928125246696
28,CEACAM6,LTF,0.9835928125246696
19,FLT3,CCL2,0.9828748645271819
21,IDO1,IL32,0.9815995284843535
22,LBP,LTF,0.9813632669772986
33,CREB5,LTF,0.981008532973538
15,F2RL1,HLA-DQA1,0.980463874423556
16,F2RL1,LCN2,0.9796751399515011
14,C1QB,EGR2,0.9796667850714149
14,PTGDR2,CEACAM6,0.9795561601529547
22,LBP,C1QB,0.9793891754694158
9,FOS,CEACAM6,0.9791152796255415
4,PTGS2,C1QB,0.9790142654581172
14,C1QB,EGR1,0.9778943911684924
21,IL1RAP,FN1,0.9769885300992709
30,IL32,CEACAM6,0.9769375101093202
32,LCN2,SLC11A1,0.9762624659437901
10,EGR2,CEACAM6,0.9761140888664748
24,CCL2,SLC11A1,0.9757274459458896
17,FCER1A,C1QB,0.9754209510229644
7,IL3RA,IL32,0.9747412313990246
2,HLA-DQB1,CXCL1,0.974405499411203
20,LTF,CTSG,0.9738799642010014
33,CREB5,FCER1A,0.9735308313230465
6,FN1,IL3RA,0.9734649442034295
28,CEACAM6,LBP,0.9731698010934139
19,LTF,IL1R2,0.9731308473865614
12,CXCL1,LBP,0.9728336318986145
16,SLC11A1,IL8,0.9722856392883115
25,IFI27,LBP,0.9713716248965663
11,CXCL1,IL1R2,0.9706036642112656
17,FCER1A,HLA-DQA1,0.9704305583779361
10,ARG1,IL1R2,0.9702881215291463
26,MARCO,SLC11A1,0.9700413226659799
15,C1QB,SLC11A1,0.96818664481816
5,IL8,EGR2,0.9681714274506503
29,CEACAM6,CEACAM8,0.9677470479181169
33,CREB5,IL8,0.9670352478002707
4,PTGS2,IL32,0.9657398943256089
4,PTGS2,IL3RA,0.9640341394165894
26,MARCO,C1QB,0.960537646615347
23,LILRA4,IL3RA,0.960119042455506
33,LCN2,CREB5,0.9588669320329757
14,PTGDR2,TREM1,0.9583585554870195
30,IL32,CXCL1,0.9580179162229469
8,EGR1,LILRA4,0.9574855037063558
15,C1QB,LBP,0.9573709384505155
17,SLC11A1,CTSG,0.9565426981919231
8,FOS,IL3RA,0.9561205344494332
8,EGR1,IL32,0.9555610084947627
18,FLT3,IL1R2,0.955437367960909
32,LCN2,IL1RAP,0.954616531470633
2,HLA-DQB1,IL8,0.9543040791859229
9,FOS,LCN2,0.95393031508166
23,LBP,MSR1,0.9534203264656143
31,TREM1,CCL2,0.9529109512361196
5,IL8,CCL2,0.9529109512361196
7,IL3RA,LCN2,0.9518165728956398
26,MARCO,LILRA4,0.9517527122747178
1,HLA-DQA1,MARCO,0.9500300146800236
0,HLA-DRB4,MSR1,0.9496915941480463
18,FCER1A,TREM1,0.947917622251043
26,IFI27,IL32,0.9445039095214864
33,CREB5,IL32,0.9445039095214862
34,CTSG,TREM1,0.9439940804778103
9,EGR2,EGR1,0.9406413053690117
10,ARG1,EGR1,0.9389414538614024
9,FOS,IL1RAP,0.9388536232394021
17,SLC11A1,LCN2,0.9384131371543767
34,CTSG,FCER1A,0.9378830429068498
2,HLA-DQB1,IL1R2,0.9378094005474874
12,CXCL1,IL1RAP,0.936502851196008
22,LBP,IL1RAP,0.936502851196008
28,CEACAM6,C3AR1,0.9347251956453096
26,IFI27,CTSG,0.9342791372799534
4,PTGS2,CEACAM8,0.9341907049672384
8,EGR1,CTSG,0.9341885523780702
6,FN1,MSR1,0.9332706625528712
11,ARG1,CXCL1,0.9325280357908724
15,C1QB,CEACAM8,0.9320700654993797
24,LILRA4,CEACAM6,0.9320323519116367
32,LCN2,CEACAM6,0.9320323519116367
25,IFI27,IL1R2,0.9305043280997689
1,HLA-DQA1,C3AR1,0.9301230064145868
34,CTSG,CXCL1,0.9299677158653884
22,LBP,PTGS2,0.9292546270043086
20,LTF,CEACAM6,0.9265758559990395
13,C3AR1,SLC11A1,0.9265408233705872
31,TREM1,F2RL1,0.9213905814226222
27,MARCO,TREM1,0.9208823782157346
33,CREB5,PTGS2,0.9198477282821086
3,IL1R2,IL8,0.9198346377583685
19,LTF,FCER1A,0.9195665052133656
10,EGR2,FCER1A,0.9195665052133656
17,SLC11A1,FCER1A,0.9186749213313503
4,PTGS2,F2RL1,0.9172963209164282
9,FOS,CREB5,0.9147003377010127
34,CTSG,PTGS2,0.9142564821980089
26,MARCO,EGR1,0.9137381815522841
31,TREM1,C3AR1,0.9130874978044065
18,FLT3,C3AR1,0.9130874978044063
14,C1QB,C3AR1,0.9130705158877304
30,IL32,FCER1A,0.9122679206631688
29,CEACAM8,C3AR1,0.910385592483982
10,EGR2,CEACAM8,0.9102550741127086
4,IL8,PTGS2,0.9093611683783479
14,PTGDR2,F2RL1,0.9037187030093828
1,HLA-DQA1,IL1RAP,0.9029194684706934
31,TREM1,SLC11A1,0.9001744907690855
20,LTF,CCL2,0.8966178985576019
32,TREM1,CREB5,0.895836850142199
24,CCL2,F2RL1,0.8953444191834825
12,CXCL1,IDO1,0.8944889845704818
28,CEACAM6,LILRA4,0.8897101983913598
12,CXCL1,CREB5,0.8870723097727186
27,MSR1,FCER1A,0.8865660444693101
15,C1QB,F2RL1,0.8818243379404657
12,CXCL1,CCL2,0.8779161316906715
11,CXCL1,HLA-DQA1,0.876528392823626
3,PTGS2,HLA-DQA1,0.8744379592837819
23,LILRA4,F2RL1,0.8726298693090041
24,CCL2,LBP,0.8719738523903581
29,CEACAM6,LCN2,0.871845150660164
32,LCN2,CCL2,0.8673797640150582
34,CTSG,IDO1,0.8668009204356097
13,C3AR1,LTF,0.8606052604880393
16,F2RL1,IL1RAP,0.8585235454000705
7,EGR1,HLA-DQA1,0.856864178744759
11,ARG1,C1QB,0.8563858257969712
28,CEACAM6,FN1,0.85474421633989
10,EGR2,IL1RAP,0.8521342877505478
28,CEACAM6,HLA-DQA1,0.8496159259900118
6,FN1,MARCO,0.8492297145309953
3,IL1R2,FCER1A,0.8455765138288486
30,IL32,FLT3,0.8448378399021579
11,ARG1,MSR1,0.8446995204148617
15,C1QB,CREB5,0.8426218815315712
9,EGR2,HLA-DQA1,0.8372366779168422
6,FN1,SLC11A1,0.8281484961417938
3,IL1R2,C3AR1,0.8262983486809874
1,HLA-DQA1,LBP,0.8228569640606107
30,IL32,C1QB,0.8188210480058479
12,CXCL1,C1QB,0.8188210480058472
1,HLA-DQA1,LILRA4,0.8093335551951062
19,FLT3,LBP,0.8070870042212757
6,FN1,IFI27,0.8047260075069913
12,C3AR1,EGR1,0.8019028675183263
3,IL1R2,TREM1,0.8008500588523877
17,FCER1A,EGR1,0.797755338706588
28,MSR1,TREM1,0.7947941230005322
20,LTF,TREM1,0.7894763564472731
25,IFI27,IDO1,0.7805108507037117
9,FOS,IFI27,0.7742974896284045
29,CEACAM8,FLT3,0.7737065244082252
16,SLC11A1,PTGDR2,0.7727829416825863
19,LTF,IL8,0.7710102778765129
27,MSR1,IFI27,0.7672058586988039
13,C3AR1,MSR1,0.7662909693852235
27,MSR1,PTGDR2,0.7656622864234728
22,IL1RAP,MSR1,0.7631805535197909
1,HLA-DQA1,PTGDR2,0.7607925154545196
17,FCER1A,PTGDR2,0.7574127203846626
31,TREM1,PTGDR2,0.7571919217484001
7,IL3RA,IL1RAP,0.7561683221301364
21,IDO1,CCL2,0.7525561037736334
1,HLA-DQA1,LCN2,0.7520153708366486
32,LCN2,HLA-DQB1,0.735047853347189
18,FLT3,FCER1A,0.7176788255785197
11,ARG1,PTGDR2,0.7029662579492604
18,FLT3,HLA-DQB1,0.6968738679732026
13,PTGDR2,CXCL1,0.6762056148843084
25,IFI27,C3AR1,0.6712284623251304
20,IDO1,C3AR1,0.6376967284768497
15,C1QB,FLT3,0.6131467377958879
21,IL1RAP,FLT3,0.6131467377958869
24,CCL2,LILRA4,0.6068141701820922
28,MSR1,CEACAM8,0.5704197668616765
7,IL3RA,EGR2,0.5678091449939425
15,F2RL1,HLA-DQB1,0.5670731480441034
32,LCN2,EGR2,0.561744438539787
20,IDO1,FOS,0.5585812280022777
18,FLT3,EGR2,0.5409113142650283
20,IDO1,IL8,0.5378605346036734
27,MSR1,FLT3,0.5262896529707062
6,FN1,FOS,0.49419030342045533
7,IL3RA,CREB5,0.4777744531138465
6,FN1,PTGDR2,0.47438128313818617
13,C3AR1,CEACAM8,0.46253434032656315
7,EGR1,IL1R2,0.4546335872931453
10,EGR2,IDO1,0.4331857040991789
8,EGR1,CEACAM6,0.43105716279468065
23,LILRA4,HLA-DQA1,0.4298301626131525
19,FLT3,IL1RAP,0.4237665814166433
3,IL1R2,IDO1,0.41810700012618773
14,PTGDR2,IL1RAP,0.4119646043493915
7,IL3RA,MARCO,0.4098346636112856
11,ARG1,LILRA4,0.4097882065797874
33,CREB5,CCL2,0.3982873545288581
15,C1QB,CEACAM6,0.39500672049517116
19,FLT3,LCN2,0.3945188113652186
16,F2RL1,FCER1A,0.389255175478744
14,PTGDR2,IDO1,0.3796112383175487
11,CXCL1,HLA-DQB1,0.3790571921398688
7,IL3RA,EGR1,0.37346664427969123
19,LTF,HLA-DQA1,0.3375901679605885
17,SLC11A1,IL1RAP,0.33320563770266354
25,IFI27,LILRA4,0.3325877220527458
24,CCL2,HLA-DQA1,0.3297133286277045
21,IL1RAP,LTF,0.32836351108211437
20,LTF,CREB5,0.314577852346616
19,FLT3,IFI27,0.31371001425216855
8,EGR1,LBP,0.3126504288328784
31,TREM1,FCER1A,0.3068944424783244
20,IDO1,HLA-DQB1,0.30367256426677514
16,SLC11A1,HLA-DQB1,0.30312613202679733
34,CTSG,SLC11A1,0.296960269348974
4,PTGS2,EGR1,0.2843589509293895
20,LTF,LCN2,0.2773451023923973
27,MARCO,LCN2,0.27200498169840714
13,C3AR1,MARCO,0.27153974958040233
5,IL8,C3AR1,0.26061415351460615
20,IDO1,FCER1A,0.2599144062013807
0,HLA-DRB4,TREM1,0.25981667389762003
33,CREB5,TREM1,0.25728825474842465
33,CREB5,C1QB,0.257238379233322
32,TREM1,LCN2,0.2569917473600889
28,CEACAM6,HLA-DRB4,0.25131031156313044
33,CREB5,IL1RAP,0.2489937863587349
21,IDO1,LCN2,0.24782918982185506
34,CTSG,PTGDR2,0.24748651383949127
27,MARCO,CEACAM6,0.23818924490871105
28,CEACAM6,PTGDR2,0.23652281076477216
19,FLT3,MSR1,0.2343496268616838
2,HLA-DQB1,MSR1,0.23370903061477652
25,CCL2,IFI27,0.22839623610921264
4,PTGS2,PTGDR2,0.2274667302050285
34,CTSG,IFI27,0.22570251037159558
0,HLA-DRB4,IDO1,0.22446248119200285
12,CXCL1,FLT3,0.2238915868113063
17,SLC11A1,LILRA4,0.21888642177748124
18,FCER1A,IDO1,0.21605475650406594
16,F2RL1,LILRA4,0.2092294105300178
17,FCER1A,F2RL1,0.20919284826636178
20,IDO1,C1QB,0.20918851237033562
24,CCL2,IDO1,0.2090535000630938
17,SLC11A1,TREM1,0.2087876877032704
29,CEACAM8,C1QB,0.20216468653603495
4,PTGS2,CREB5,0.20065017255074924
19,FLT3,CREB5,0.19822735252626875
27,MSR1,IDO1,0.19760918001633415
25,CCL2,CREB5,0.1974245215474544
3,IL1R2,FOS,0.1953293206068628
5,IL8,SLC11A1,0.1923301009311628
6,FN1,C3AR1,0.19193500292406052
15,C1QB,IDO1,0.18704865024928674
0,HLA-DRB4,FCER1A,0.18614397087652068
21,IL1RAP,FOS,0.1846840699192922
34,CTSG,C3AR1,0.18429760357801303
10,EGR2,CCL2,0.18010894223095242
30,IL32,FOS,0.1800319358354625
33,CREB5,EGR2,0.17997301971136437
8,FOS,IL1R2,0.17521516788682645
11,ARG1,C3AR1,0.17370165131901275
19,LTF,C3AR1,0.17370165131901263
18,FLT3,SLC11A1,0.17335786804935355
20,IDO1,PTGS2,0.16965239679656527
2,IL1R2,HLA-DQA1,0.16809699194365046
21,IL1RAP,HLA-DQA1,0.16809699194365035
15,C1QB,LTF,0.16483915906957874
20,IDO1,F2RL1,0.1643561205281832
11,ARG1,FLT3,0.16277207138455668
20,LTF,MSR1,0.16123671177089405
16,SLC11A1,EGR2,0.16096276251144978
6,FN1,EGR1,0.160695455665086
6,IL3RA,FN1,0.15860786704989993
4,PTGS2,LILRA4,0.1579890804397707
2,HLA-DQB1,CREB5,0.15737811846842867
24,LILRA4,MSR1,0.1569011265630209
9,FOS,EGR2,0.1568545165089995
4,PTGS2,MSR1,0.15530047958513832
9,EGR2,IL1R2,0.15362214011943653
14,C1QB,HLA-DQA1,0.1532023926899764
29,CEACAM8,HLA-DQA1,0.15320239268997637
15,F2RL1,C3AR1,0.15257957099891328
34,CTSG,LILRA4,0.15173343339787276
19,FLT3,MARCO,0.1493137429435903
30,IL32,FN1,0.14336219652751922
19,LTF,EGR2,0.14308171732782526
26,IFI27,CEACAM8,0.14292660621324998
7,EGR1,FN1,0.1421925260677363
2,HLA-DQB1,LBP,0.14165904447991773
7,IL3RA,IDO1,0.14026640428910825
29,CEACAM8,EGR2,0.14006621388366466
33,CREB5,FLT3,0.13866094209035842
31,TREM1,FN1,0.13561165105821135
13,C3AR1,LCN2,0.13092610675905617
2,HLA-DQB1,LCN2,0.12815484933983595
11,ARG1,SLC11A1,0.12784807074695798
18,FLT3,F2RL1,0.127370130690996
29,CEACAM8,LILRA4,0.12732339372597815
32,LCN2,LBP,0.12635690797420462
6,FN1,LBP,0.1241406049430055
20,IDO1,HLA-DQA1,0.12347160717637393
33,CREB5,LILRA4,0.12252668505720819
8,EGR1,TREM1,0.1174730473354319
6,FN1,IL1RAP,0.11595168561281784
20,IDO1,IL1R2,0.11543740326227497
23,LILRA4,CXCL1,0.1137375592346978
16,F2RL1,CEACAM8,0.11337349326881609
32,TREM1,CTSG,0.11279339543054023
30,IL32,LILRA4,0.11186946795626534
20,IDO1,CXCL1,0.11027878657971703
1,HLA-DQA1,CXCL1,0.10905168356651923
5,IL8,CEACAM8,0.10798811895085189
0,HLA-DRB4,C1QB,0.10793201619541566
5,IL8,CREB5,0.10703792160116071
13,C3AR1,CREB5,0.10274434787840578
23,LILRA4,EGR2,0.10265575280481536
9,FOS,IDO1,0.10107199488455533
23,LILRA4,SLC11A1,0.09982550923091453
10,EGR2,SLC11A1,0.09982550923091452
25,IFI27,F2RL1,0.09628129699061722
2,HLA-DQB1,CEACAM6,0.09610250079188319
24,LILRA4,CCL2,0.09577814040708248
16,F2RL1,SLC11A1,0.09329541030892739
28,CEACAM6,F2RL1,0.09275484292409834
10,ARG1,PTGS2,0.09063883162165211
25,IFI27,PTGS2,0.0900948451536221
22,LBP,IL1R2,0.08932354179349247
25,IFI27,EGR1,0.08496073738716858
3,IL1R2,F2RL1,0.08351727590846117
6,FN1,FCER1A,0.08257646691380768
6,FN1,C1QB,0.08089355848377447
32,LCN2,PTGS2,0.0801522717178914
19,LTF,IL3RA,0.0793790809030037
26,IFI27,TREM1,0.07911762178426554
23,LBP,CEACAM8,0.07885763362409884
4,PTGS2,CXCL1,0.07739148690264873
0,HLA-DRB4,EGR1,0.07704034746043616
30,CEACAM8,IL32,0.07692285122937664
5,IL8,CTSG,0.0767524501815938
21,IDO1,CTSG,0.0767524501815938
13,C3AR1,TREM1,0.07674216459336931
10,EGR2,MARCO,0.0757848439943009
14,PTGDR2,CTSG,0.07553267078447348
19,FLT3,IL32,0.07389656199416017
18,FLT3,CXCL1,0.07298405191499155
33,LCN2,CTSG,0.07136454707397677
27,MSR1,PTGS2,0.07098730723447562
29,CEACAM8,CXCL1,0.07003228413461168
1,HLA-DQA1,CEACAM6,0.06796764808836336
7,IL3RA,CEACAM6,0.06695743423081768
10,EGR2,CREB5,0.06658601283400038
10,EGR2,TREM1,0.06630940005483237
5,IL8,IL32,0.0661329232820414
31,IL32,CTSG,0.06572086272004665
26,MARCO,C3AR1,0.0652748043546903
11,ARG1,CEACAM8,0.06517319279744715
32,LCN2,C3AR1,0.06496762784021916
18,FCER1A,CREB5,0.06396405104861252
21,IDO1,IL1RAP,0.06277376283904151
31,TREM1,IL1RAP,0.06239454020373523
14,C1QB,IL3RA,0.061903375513085154
23,LILRA4,IL1RAP,0.06114637676059791
28,CEACAM6,SLC11A1,0.06030015856913803
23,LILRA4,LBP,0.05569201057269482
6,FN1,EGR2,0.05333937271324113
31,IL32,TREM1,0.052082377748956896
14,PTGDR2,MSR1,0.05030840585195379
17,SLC11A1,MSR1,0.05030840585195379
26,IFI27,LCN2,0.04939277675711774
9,FOS,LILRA4,0.04824728772528209
27,MARCO,CTSG,0.047999674766988375
25,IFI27,CCL2,0.04748870624601058
22,LBP,ARG1,0.047353802780855145
19,FLT3,TREM1,0.047263762827208684
16,F2RL1,CTSG,0.04725347412174721
5,IL8,LCN2,0.04685206815827488
15,C1QB,MSR1,0.046579673534385864
17,SLC11A1,IL32,0.0465726404866411
17,FCER1A,IL3RA,0.046388587702404095
4,PTGS2,CCL2,0.04608236963725733
15,C1QB,LCN2,0.046075027681807504
15,F2RL1,IL3RA,0.04600386552712356
31,IL32,LCN2,0.04592042895917418
22,LBP,IL8,0.045695920814077126
4,IL8,IL1R2,0.04456263203909116
1,HLA-DQA1,LTF,0.04261096039451429
0,HLA-DRB4,HLA-DQB1,0.042439072135635775
5,FN1,IL1R2,0.04142958851010383
5,IL8,IL3RA,0.040576311099647315
25,IFI27,FN1,0.03954485974635506
5,IL8,FN1,0.03924048894672634
1,HLA-DQA1,CCL2,0.03839618241584117
31,TREM1,CEACAM6,0.037973129737938115
23,LILRA4,HLA-DQB1,0.03736449262038251
25,IFI27,ARG1,0.036842878650762356
18,FLT3,IL3RA,0.03635156240180241
6,FN1,IL32,0.03543577943611908
2,HLA-DQB1,IL32,0.035435779436119065
3,IL1R2,IL32,0.03543577943611906
16,F2RL1,LTF,0.0349984369807332
0,HLA-DRB4,LTF,0.0344073763671606
27,MSR1,FN1,0.033979736179903096
6,FN1,FLT3,0.03373932524222457
7,EGR1,IL8,0.03296475219972937
29,CEACAM8,MSR1,0.03275698750046474
25,CCL2,MSR1,0.03160013026014421
8,EGR1,SLC11A1,0.030876710402807116
8,FOS,IL8,0.030767257555424945
13,PTGDR2,FOS,0.029715450396950074
27,MSR1,ARG1,0.02793234217901948
15,F2RL1,IL1R2,0.0268691526134386
19,LTF,ARG1,0.026721314575001258
20,IDO1,SLC11A1,0.026500846207492552
12,CXCL1,FCER1A,0.026469168676953262
7,IL3RA,SLC11A1,0.026366332601501976
33,CREB5,EGR1,0.024700593798364597
34,CTSG,EGR1,0.024700593798364562
34,CTSG,C1QB,0.02457904897703561
0,HLA-DRB4,IL32,0.024268753254539168
22,IL1RAP,CEACAM6,0.024144991434453877
14,PTGDR2,SLC11A1,0.02373753405620993
20,IDO1,EGR1,0.023476275985703742
24,LILRA4,MARCO,0.02343751281413345
11,CXCL1,EGR1,0.02335766653907169
33,CREB5,CEACAM6,0.02306248989067993
1,HLA-DQA1,FN1,0.023011469900729206
1,HLA-DQA1,ARG1,0.022742993877203223
11,ARG1,FCER1A,0.022446241100307473
16,SLC11A1,CXCL1,0.022246982882241657
4,PTGS2,IFI27,0.021572016928823524
11,ARG1,CEACAM6,0.02088472037445858
3,IL1R2,C1QB,0.020643454875115617
16,F2RL1,CEACAM6,0.02044383984704552
11,CXCL1,EGR2,0.020333214928585194
4,PTGS2,CEACAM6,0.018576604993711353
28,MSR1,IL32,0.018400471515648213
14,PTGDR2,CCL2,0.017125135472818052
20,IDO1,LTF,0.01640718747533043
6,FN1,LTF,0.016407187475330424
31,TREM1,LTF,0.015439433592220598
23,LILRA4,ARG1,0.015131707103992652
24,LILRA4,IFI27,0.014696989534244408
0,HLA-DRB4,ARG1,0.014460249348670521
7,IL3RA,FLT3,0.014284866433981103
31,TREM1,FLT3,0.014284866433981098
4,PTGS2,FN1,0.012330272248879524
14,C1QB,FOS,0.012175688158200654
31,TREM1,ARG1,0.01161142832106443
24,CCL2,C1QB,0.011425949257997595
8,EGR1,C1QB,0.011247566076690252
31,TREM1,C1QB,0.010605760696176697
18,FCER1A,IFI27,0.009202932060723798
30,IL32,F2RL1,0.008970178802069717
2,HLA-DQB1,F2RL1,0.00864434323944962
12,C3AR1,IL8,0.007806877541541391
25,IFI27,CXCL1,0.007359202768037164
4,PTGS2,FOS,0.006874489895456834
1,HLA-DQA1,CEACAM8,0.00676555080345563
26,MARCO,CCL2,0.006311363033535904
30,IL32,IFI27,0.004815275264001831
20,LTF,IFI27,0.004815275264001827
13,C3AR1,FLT3,0.004694994935635561
22,LBP,FN1,0.004513248711562734
25,CCL2,CTSG,0.004400278319082439
10,EGR2,IFI27,0.002997949302753652
12,C3AR1,PTGS2,0.0025487507344511967
31,TREM1,HLA-DQB1,0.002507048214718661
3,IL1R2,LTF,0.0014516562013128
21,IL1RAP,IL8,0.0013534053436115732
24,CCL2,PTGDR2,0.0011578446484620227
11,CXCL1,ARG1,0.0008533435570606393
20,IDO1,PTGDR2,0.0005275753418008688
33,CREB5,ARG1,0.00041940534538273367
18,FLT3,ARG1,0.00040269627044162886
26,MARCO,HLA-DRB4,0.00036121497602405894
28,CEACAM6,HLA-DQB1,0.00034062198556625956
34,CTSG,IL8,0.0003188165423322705
14,C1QB,IL8,0.0003188165423322599
25,IFI27,PTGDR2,0.0002716890547988523
9,EGR2,IL3RA,0.00021634960571476078
33,CREB5,PTGDR2,0.00014151794491936202
16,SLC11A1,IL3RA,0.00010957359359556362
16,SLC11A1,HLA-DRB4,0.00010246013582684714
10,ARG1,IL8,8.543299512873169e-05
23,LILRA4,HLA-DRB4,5.2783777727244136e-05
7,EGR1,HLA-DRB4,5.1742776220447876e-05
13,PTGDR2,HLA-DRB4,5.071735960630416e-05
29,CEACAM8,PTGS2,3.3031177199853155e-05
6,IL3RA,PTGS2,3.3031177199735946e-05
5,FN1,PTGS2,1.7481059865636344e-05
26,MARCO,PTGS2,8.740529932848836e-06
9,EGR2,HLA-DRB4,2.32175287824393e-06
